P_MPa	T_K	Liq_Density_kg_m3	Vap_Density_kg_m3	Liq_h_kJ_kg	Vap_h_kJ_kg	Liq_s_kJ_kgK	Vap_s_kJ_kgK	Liq_Cp_kJ_kgK	Vap_Cp_kJ_kgK	Liq_Cv_kJ_kgK	Vap_Cv_kJ_kgK	Liq_Cp_over_Cv	Vap_Cp_over_Cv	Liq_k_mW_mK	Vap_k_mW_mK	Liq_Visc_uPa_s	Vap_Visc_uPa_s	Liq_Pr	Vap_Pr
0.0100	256.532496	1514.2572	0.94913106	179.58609	333.91111	0.92293148	1.5245123	1.2270712	0.85462738	0.93970572	0.80956405	1.3058037	1.0556637	74.203027	8.2400413	776.13474	9.3931198	12.834686	0.97422053
0.0200	269.442224	1481.1681	1.8208689	195.43915	344.56141	0.98319851	1.5366465	1.2290508	0.87597015	0.94358601	0.82871752	1.3025319	1.057019	71.334618	9.3179098	634.77759	9.8582806	10.936821	0.92677003
0.0300	277.794145	1459.3821	2.6659828	205.72095	351.48597	1.0207535	1.5454766	1.2325353	0.89131625	0.94749547	0.84221525	1.3008351	1.0582998	69.507411	10.02708	561.51721	10.159027	9.9570647	0.90304513
0.0400	284.128776	1442.6237	3.4951608	213.54338	356.75356	1.0485716	1.5526042	1.236301	0.90374701	0.95111567	0.8529834	1.299843	1.059513	68.144656	10.570602	513.376	10.388577	9.3138229	0.88818458
0.0500	289.298063	1428.7799	4.3134158	219.9469	361.06075	1.070882	1.5586622	1.2400817	0.91438845	0.95445307	0.86208237	1.2992589	1.0606741	67.046679	11.017586	478.10043	10.577893	8.8428478	0.87789678
0.0600	293.699476	1416.8617	5.123668	225.41614	364.73342	1.0896207	1.5639739	1.2437988	0.92379742	0.95754657	0.87003365	1.2989433	1.061795	66.122274	11.400587	450.56032	10.741287	8.4753038	0.87037387
0.0700	297.552846	1406.3207	5.9278278	230.21884	367.95217	1.1058428	1.5687297	1.2474284	0.9322961	0.96043311	0.87713761	1.2988186	1.0628847	65.321269	11.737737	428.14473	10.886598	8.176202	0.86469248
0.0800	300.993382	1396.819	6.7272418	234.51958	370.82828	1.1201897	1.5730524	1.2509659	0.94009007	0.96314313	0.88358522	1.2988369	1.0639495	64.612866	12.040251	409.35353	11.018603	7.9254693	0.86032092
0.0900	304.110567	1388.1323	7.5229094	238.4272	373.4355	1.1330815	1.5770263	1.2544138	0.94731969	0.96570116	0.88950653	1.2989668	1.0649946	63.976723	12.315585	393.24973	11.140434	7.7105836	0.85692663
0.1000	306.966902	1380.1038	8.3156015	242.0177	375.8254	1.1448093	1.580712	1.2577773	0.95408569	0.96812697	0.89499457	1.2991863	1.066024	63.398662	12.568967	379.21119	11.254256	7.5232381	0.85428854
0.1100	309.607872	1372.6192	9.105931	245.34637	378.03559	1.1555831	1.584155	1.2610626	0.96046315	0.97043665	0.90011855	1.2994795	1.0670407	62.868385	12.804216	366.80496	11.361631	7.3576567	0.8522527
0.1200	312.067687	1365.5923	9.8943969	248.45481	380.09434	1.1655598	1.5873899	1.2642756	0.96650975	0.97264343	0.90493152	1.2998346	1.0680474	62.378167	13.024211	355.71836	11.463721	7.2096707	0.85070783
0.1300	314.372763	1358.9566	10.681413	251.37511	382.02353	1.1748599	1.5904443	1.2674222	0.97227093	0.97475835	0.90947517	1.3002425	1.0690462	61.92205	13.231181	345.71865	11.561416	7.0761788	0.84957107
0.1400	316.543955	1352.6594	11.46733	254.13261	383.84044	1.1835778	1.5933403	1.2705078	0.97778319	0.97679069	0.91378293	1.3006961	1.0700388	61.495344	13.426891	336.62819	11.655411	6.9548148	0.84877912
0.1500	318.598035	1346.6584	12.252446	256.7477	385.55899	1.1917892	1.5960958	1.2735372	0.98307638	0.97874832	0.91788208	1.3011897	1.0710269	61.094284	13.612763	328.30853	11.746259	6.8437356	0.84828264
0.1600	320.548707	1340.9188	13.037021	259.23703	387.19055	1.1995554	1.5987257	1.2765149	0.98817525	0.980638	0.92179521	1.3017187	1.0720117	60.715798	13.78996	320.6498	11.83441	6.7414782	0.84804244
0.1700	322.407322	1335.412	13.821283	261.61439	388.74455	1.2069273	1.6012426	1.2794449	0.99310061	0.9824656	0.92554125	1.3022796	1.0729944	60.357348	13.959449	313.56342	11.920231	6.6468643	0.8480269
0.1800	324.183395	1330.1137	14.605431	263.89134	390.2289	1.213947	1.6036572	1.2823309	0.99787014	0.98423619	0.92913626	1.302869	1.0739761	60.016811	14.122041	306.97704	12.004026	6.558931	0.8482102
0.1900	325.884989	1325.0035	15.389647	266.07769	391.65031	1.2206504	1.6059784	1.2851762	1.002499	0.98595425	0.93259401	1.3034846	1.0749576	59.69239	14.278423	300.83082	12.086052	6.4768824	0.84857096
0.2000	327.518996	1320.064	16.174089	268.18181	393.01451	1.2270677	1.6082142	1.2879838	1.0070004	0.98762371	0.93592635	1.304124	1.0759398	59.382553	14.429186	295.07475	12.166526	6.4000531	0.84909131
0.2100	329.091360	1315.28	16.958905	270.21092	394.32647	1.2332252	1.6103714	1.2907565	1.0113857	0.98924808	0.93914364	1.3047855	1.0769233	59.08598	14.574837	289.66663	12.245633	6.3278819	0.84975617
0.2200	330.607244	1310.6383	17.744226	272.17131	395.59047	1.2391454	1.6124559	1.2934969	1.015665	0.99083048	0.94225494	1.3054674	1.0779089	58.801527	14.71582	284.57058	12.323532	6.2598914	0.85055271
0.2300	332.071167	1306.1274	18.530175	274.06846	396.8103	1.244848	1.6144731	1.2962073	1.0198472	0.99237371	0.94526823	1.3061685	1.0788972	58.528195	14.852522	279.7558	12.400363	6.1956721	0.85146991
0.2400	333.487103	1301.7373	19.316863	275.90721	397.98926	1.2503504	1.6164277	1.2988897	1.0239403	0.99388028	0.9481906	1.3068875	1.0798887	58.265107	14.985284	275.19571	12.476244	6.1348703	0.85249828
0.2500	334.858570	1297.4589	20.104395	277.69184	399.13031	1.2556678	1.6183238	1.3015462	1.0279513	0.99535247	0.95102838	1.3076234	1.0808839	58.011487	15.11441	270.86719	12.551283	6.0771786	0.85362956
0.2600	336.188698	1293.2842	20.892865	279.42615	400.23604	1.2608138	1.6201652	1.3041786	1.0318866	0.99679236	0.95378723	1.3083754	1.0818835	57.766646	15.240169	266.75007	12.625571	6.0223288	0.85485654
0.2700	337.480285	1289.2061	21.682365	281.11355	401.3088	1.2658004	1.6219553	1.3067886	1.035752	0.99820181	0.95647225	1.3091426	1.0828877	57.52997	15.362802	262.82659	12.699193	5.9700844	0.8561729
0.2800	338.735842	1285.2181	22.472978	282.75709	402.35069	1.2706384	1.623697	1.3093777	1.0395528	0.99958255	0.95908804	1.3099245	1.0838971	57.300908	15.482526	259.08106	12.77222	5.920237	0.85757303
0.2900	339.957633	1281.3145	23.264784	284.35954	403.3636	1.2753376	1.6253932	1.3119474	1.0432935	1.0009362	0.96163878	1.3107203	1.0849121	57.078964	15.599537	255.49959	12.84472	5.8726015	0.859052
0.3000	341.147707	1277.4899	24.057859	285.92337	404.34926	1.2799067	1.6270463	1.3144991	1.0469787	1.0022641	0.96412827	1.3115296	1.085933	56.86369	15.714011	252.06976	12.916751	5.827013	0.86060541
0.3100	342.307923	1273.7397	24.852272	287.45085	405.30921	1.2843536	1.6286587	1.317034	1.0506122	1.0035677	0.96655998	1.312352	1.0869602	56.654681	15.82611	248.78049	12.988366	5.7833238	0.86222934
0.3200	343.439974	1270.0595	25.648093	288.94406	406.24487	1.2886857	1.6302325	1.3195534	1.0541979	1.0048481	0.96893709	1.3131869	1.0879941	56.451567	15.935981	245.62183	13.059613	5.7414016	0.86392026
0.3300	344.545409	1266.4452	26.445385	290.40487	407.15755	1.2929094	1.6317695	1.3220584	1.057739	1.0061066	0.97126252	1.3140341	1.0890351	56.254012	16.043757	242.58479	13.130536	5.7011268	0.86567503
0.3400	345.625646	1262.8933	27.24421	291.835	408.04843	1.2970308	1.6332715	1.32455	1.0612387	1.0073442	0.97353897	1.3148932	1.0900835	56.061707	16.149563	239.66127	13.201174	5.6623916	0.86749081
0.3500	346.681986	1259.4004	28.044627	293.23606	408.9186	1.3010554	1.6347403	1.3270294	1.0647	1.0085618	0.9757689	1.315764	1.0911395	55.87437	16.253512	236.8439	13.271564	5.625098	0.86936504
0.3600	347.715631	1255.9634	28.846694	294.60949	409.76908	1.3049882	1.6361772	1.3294973	1.0681256	1.0097605	0.97795463	1.3166462	1.0922036	55.69174	16.355708	234.126	13.341739	5.589157	0.8712954
0.3700	348.727688	1252.5794	29.650465	295.95665	410.60078	1.308834	1.6375837	1.3319548	1.0715179	1.010941	0.98009828	1.3175396	1.093276	55.513579	16.456247	231.50146	13.411729	5.5544874	0.87327981
0.3800	349.719182	1249.2458	30.455993	297.27879	411.41458	1.3125971	1.6389612	1.3344026	1.0748795	1.0121042	0.98220182	1.318444	1.0943571	55.339664	16.55522	228.96471	13.481562	5.5210151	0.87531636
0.3900	350.691063	1245.9601	31.26333	298.57707	412.21127	1.3162814	1.6403107	1.3368417	1.0782125	1.0132507	0.98426711	1.3193592	1.0954471	55.16979	16.65271	226.51064	13.551264	5.4886719	0.87740333
0.4000	351.644215	1242.72	32.072527	299.85256	412.99159	1.3198906	1.6416335	1.3392728	1.0815191	1.0143815	0.98629587	1.3202852	1.0965463	55.003768	16.748793	224.13456	13.620859	5.4573955	0.87953916
0.4100	352.579459	1239.5235	32.883631	301.10627	413.75623	1.3234283	1.6429306	1.3416966	1.0848012	1.0154969	0.9882897	1.3212217	1.0976551	54.841421	16.843543	221.83214	13.690369	5.4271284	0.88172241
0.4200	353.497562	1236.3685	33.69669	302.33913	414.50584	1.3268976	1.644203	1.3441139	1.0880608	1.0165979	0.99025012	1.3221687	1.0987737	54.682583	16.937026	219.5994	13.759815	5.3978175	0.8839518
0.4300	354.399241	1233.2531	34.51175	303.55203	415.24103	1.3303014	1.6454516	1.3465254	1.0912995	1.0176848	0.99217852	1.3231262	1.0999024	54.527102	17.029306	217.43265	13.829215	5.3694138	0.88622615
0.4400	355.285166	1230.1756	35.328856	304.74576	415.96234	1.3336427	1.6466774	1.3489316	1.0945192	1.0187583	0.99407624	1.3240939	1.1010415	54.374833	17.120441	215.32848	13.898588	5.3418721	0.88854437
0.4500	356.155964	1227.1345	36.148054	305.92111	416.67031	1.3369239	1.647881	1.3513334	1.0977214	1.0198188	0.99594453	1.325072	1.1021913	54.225642	17.210488	213.28374	13.967951	5.3151502	0.89090549
0.4600	357.012225	1224.128	36.969386	307.07879	417.36545	1.3401476	1.6490633	1.3537311	1.1009076	1.020867	0.99778456	1.3260602	1.1033521	54.079403	17.299498	211.29548	14.037318	5.289209	0.89330863
0.4700	357.854503	1221.1549	37.792896	308.21949	418.0482	1.3433161	1.650225	1.3561256	1.1040794	1.0219033	0.99959744	1.3270587	1.1045241	53.935999	17.38752	209.36096	14.106705	5.2640123	0.89575298
0.4800	358.683320	1218.2136	38.618626	309.34383	418.71902	1.3464315	1.6513668	1.3585173	1.1072382	1.0229281	1.0013842	1.3280673	1.1057076	53.795317	17.474602	207.47764	14.176126	5.2395261	0.89823781
0.4900	359.499166	1215.303	39.446617	310.45241	419.37832	1.3494958	1.6524893	1.3609068	1.1103852	1.0239418	1.0031459	1.3290861	1.106903	53.657253	17.560786	205.64314	14.245594	5.2157189	0.90076245
0.5000	360.302507	1212.4219	40.27691	311.54582	420.02648	1.352511	1.6535931	1.3632947	1.1135218	1.0249449	1.0048834	1.330115	1.1081105	53.521709	17.646114	203.85522	14.315121	5.192561	0.90332632
0.5100	361.093779	1209.569	41.109547	312.62457	420.66387	1.3554788	1.6546789	1.3656814	1.1166493	1.0259378	1.0065976	1.3311542	1.1093303	53.388592	17.730626	202.11181	14.384719	5.1700249	0.90592886
0.5200	361.873396	1206.7432	41.944567	313.68918	421.29085	1.358401	1.6557472	1.3680675	1.1197688	1.0269208	1.0082894	1.3322035	1.1105629	53.257814	17.814359	200.41096	14.454399	5.1480847	0.90856961
0.5300	362.641752	1203.9436	42.78201	314.74013	421.90774	1.3612793	1.6567985	1.3704535	1.1228815	1.0278943	1.0099595	1.3332631	1.1118085	53.129291	17.897347	198.75084	14.524172	5.126716	0.91124813
0.5400	363.399219	1201.1692	43.621916	315.77788	422.51486	1.364115	1.6578332	1.3728399	1.1259886	1.0288586	1.0116088	1.334333	1.1130673	53.002945	17.979625	197.12971	14.594047	5.1058962	0.91396404
0.5500	364.146148	1198.419	44.464324	316.80285	423.1125	1.3669097	1.6588519	1.3752272	1.1290912	1.029814	1.0132379	1.3354131	1.1143397	52.878702	18.061225	195.54596	14.664034	5.0856037	0.916717
0.5600	364.882875	1195.6922	45.309274	317.81546	423.70094	1.3696647	1.6598551	1.3776157	1.1321903	1.0307609	1.0148475	1.3365036	1.115626	52.75649	18.142177	193.99807	14.734143	5.0658183	0.91950674
0.5700	365.609718	1192.9878	46.156804	318.81609	424.28046	1.3723814	1.660843	1.3800061	1.1352869	1.0316996	1.0164384	1.3376045	1.1169265	52.636244	18.22251	192.4846	14.804382	5.0465212	0.92233298
0.5800	366.326982	1190.3051	47.006953	319.80512	424.8513	1.375061	1.6618162	1.3823986	1.1383821	1.0326303	1.0180111	1.3387159	1.1182414	52.517898	18.302252	191.00419	14.87476	5.0276943	0.92519554
0.5900	367.034953	1187.6433	47.85976	320.78291	425.41372	1.3777046	1.6627751	1.3847939	1.1414769	1.0335533	1.0195662	1.3398379	1.1195712	52.401392	18.381429	189.55556	14.945285	5.0093208	0.92809422
0.6000	367.733908	1185.0017	48.715264	321.74979	425.96793	1.3803135	1.6637199	1.3871923	1.1445722	1.0344689	1.0211043	1.3409705	1.1209161	52.286669	18.460067	188.13749	15.015964	4.9913846	0.93102888
0.6100	368.424109	1182.3796	49.573502	322.70608	426.51417	1.3828886	1.6646511	1.3895942	1.147669	1.0353774	1.022626	1.3421138	1.1222764	52.173673	18.53819	186.74884	15.086806	4.9738707	0.93399944
0.6200	369.105806	1179.7762	50.434514	323.65209	427.05264	1.385431	1.665569	1.3920002	1.1507682	1.0362789	1.0241318	1.3432679	1.1236525	52.062352	18.615822	185.38851	15.157816	4.9567649	0.9370058
0.6300	369.779238	1177.1911	51.298338	324.58811	427.58355	1.3879416	1.6664739	1.3944105	1.1538707	1.0371738	1.0256221	1.3444329	1.1250447	51.952656	18.692985	184.05549	15.229003	4.9400534	0.94004792
0.6400	370.444636	1174.6234	52.165012	325.51444	428.10708	1.3904215	1.6673661	1.3968256	1.1569775	1.0380622	1.0270976	1.3456089	1.1264533	51.844538	18.7697	182.74878	15.300374	4.9237237	0.9431258
0.6500	371.102217	1172.0727	53.034576	326.43133	428.62342	1.3928714	1.6682459	1.399246	1.1600893	1.0389443	1.0285586	1.346796	1.1278787	51.73795	18.845988	181.46746	15.371934	4.9077634	0.94623944
0.6600	371.752191	1169.5383	53.907069	327.33904	429.13274	1.3952923	1.6691136	1.4016721	1.1632072	1.0398205	1.0300055	1.3479943	1.1293213	51.63285	18.921869	180.21064	15.443691	4.8921611	0.94938888
0.6700	372.394760	1167.0198	54.782528	328.23782	429.63522	1.3976849	1.6699696	1.4041041	1.1663319	1.0406908	1.031439	1.349204	1.1307813	51.529196	18.997363	178.97749	15.515651	4.8769058	0.95257421
0.6800	373.030116	1164.5165	55.660994	329.12792	430.13101	1.40005	1.6708139	1.4065427	1.1694643	1.0415555	1.0328592	1.3504251	1.1322591	51.426947	19.072487	177.7672	15.587819	4.8619871	0.9557955
0.6900	373.658444	1162.028	56.542505	330.00955	430.62027	1.4023884	1.6716469	1.4089881	1.1726053	1.0424148	1.0342667	1.3516579	1.1337552	51.326066	19.14726	176.57901	15.660202	4.8473951	0.95905289
0.7000	374.279921	1159.5539	57.427101	330.88293	431.10315	1.4047008	1.6724689	1.4114408	1.1757556	1.0432688	1.0356618	1.3529023	1.1352699	51.226516	19.221698	175.41219	15.732805	4.8331205	0.96234651
0.7100	374.894717	1157.0935	58.314822	331.74828	431.57979	1.4069879	1.67328	1.4139012	1.1789163	1.0441178	1.0370449	1.3541587	1.1368035	51.12826	19.295819	174.26605	15.805635	4.8191542	0.96567654
0.7200	375.502997	1154.6465	59.205707	332.6058	432.05033	1.4092504	1.6740805	1.4163696	1.182088	1.0449619	1.0384164	1.355427	1.1383564	51.031267	19.369639	173.13992	15.878697	4.8054877	0.96904317
0.7300	376.104917	1152.2124	60.099796	333.45568	432.51489	1.4114888	1.6748706	1.4188466	1.1852716	1.0458013	1.0397765	1.3567076	1.1399292	50.935502	19.443173	172.03318	15.951997	4.792113	0.97244662
0.7400	376.700630	1149.7908	60.997131	334.29812	432.97361	1.4137038	1.6756505	1.4213324	1.188468	1.0466362	1.0411257	1.3580005	1.141522	50.840934	19.516437	170.94521	16.025539	4.7790223	0.97588713
0.7500	377.290282	1147.3814	61.897751	335.13328	433.4266	1.415896	1.6764204	1.4238275	1.1916779	1.0474666	1.0424643	1.3593058	1.1431355	50.747535	19.589445	169.87544	16.09933	4.7662083	0.97936496
0.7600	377.874012	1144.9836	62.801699	335.96135	433.87399	1.418066	1.6771805	1.4263323	1.1949022	1.0482929	1.0437925	1.3606239	1.1447699	50.655273	19.662211	168.82331	16.173375	4.7536638	0.9828804
0.7700	378.451956	1142.5971	63.709014	336.78248	434.31588	1.4202143	1.677931	1.4288472	1.1981418	1.049115	1.0451106	1.3619548	1.1464258	50.564123	19.73475	167.7883	16.247679	4.7413823	0.98643375
0.7800	379.024245	1140.2215	64.619739	337.59686	434.75239	1.4223414	1.678672	1.4313726	1.2013975	1.0499333	1.0464191	1.3632987	1.1481036	50.474057	19.807074	166.76988	16.322246	4.7293573	0.99002535
0.7900	379.591005	1137.8566	65.533916	338.40462	435.18361	1.4244478	1.6794038	1.433909	1.20467	1.0507477	1.0477181	1.3646558	1.1498036	50.385049	19.879197	165.76759	16.397084	4.7175827	0.99365556
0.8000	380.152357	1135.5018	66.451588	339.20593	435.60965	1.4265341	1.6801264	1.4364567	1.2079603	1.0515586	1.0490079	1.3660263	1.1515265	50.297074	19.951132	164.78094	16.472195	4.7060527	0.99732475
0.8100	380.708418	1133.157	67.372798	340.00092	436.0306	1.4286006	1.6808401	1.4390161	1.2112692	1.0523659	1.0502887	1.3674105	1.1532725	50.210109	20.022892	163.80949	16.547587	4.6947617	1.0010333
0.8200	381.259302	1130.8217	68.297588	340.78974	436.44657	1.4306479	1.6815449	1.4415877	1.2145975	1.0531698	1.051561	1.3688084	1.1550424	50.12413	20.094487	162.85281	16.623262	4.6837045	1.0047817
0.8300	381.805118	1128.4956	69.226003	341.57252	436.85763	1.4326764	1.6822412	1.444172	1.2179461	1.0539706	1.0528248	1.3702204	1.1568364	50.039115	20.165931	161.91048	16.699228	4.6728759	1.0085703
0.8400	382.345973	1126.1784	70.158087	342.3494	437.26388	1.4346865	1.6829289	1.4467692	1.2213158	1.0547682	1.0540805	1.3716466	1.1586552	49.955042	20.237235	160.9821	16.775488	4.6622712	1.0123996
0.8500	382.881968	1123.8699	71.093885	343.12051	437.66539	1.4366786	1.6836082	1.4493799	1.2247076	1.0555628	1.0553282	1.3730874	1.1604992	49.871891	20.30841	160.0673	16.852048	4.6518856	1.0162701
0.8600	383.413202	1121.5697	72.033443	343.88596	438.06226	1.4386532	1.6842793	1.4520046	1.2281223	1.0563546	1.0565683	1.3745428	1.1623691	49.789642	20.379468	159.1657	16.928912	4.6417148	1.0201824
0.8700	383.939772	1119.2775	72.976805	344.64588	438.45456	1.4406105	1.6849423	1.4546435	1.2315607	1.0571436	1.0578009	1.3760131	1.1642652	49.708275	20.450418	158.27694	17.006086	4.6317546	1.0241369
0.8800	384.461770	1116.9931	73.924019	345.40038	438.84235	1.4425511	1.6855973	1.4572973	1.2350239	1.0579301	1.0590262	1.3774987	1.1661882	49.627771	20.521273	157.40069	17.083574	4.6220009	1.0281342
0.8900	384.979286	1114.7161	74.875132	346.14958	439.22573	1.4444752	1.6862444	1.4599663	1.2385126	1.058714	1.0602445	1.3789997	1.1681387	49.548113	20.592042	156.53662	17.161382	4.6124499	1.0321749
0.9000	385.492408	1112.4463	75.830191	346.89358	439.60476	1.4463831	1.6868838	1.4626511	1.2420279	1.0594956	1.061456	1.3805164	1.1701172	49.469282	20.662736	155.6844	17.239515	4.6030979	1.0362596
0.9100	386.001219	1110.1835	76.789245	347.6325	439.9795	1.4482754	1.6875155	1.465352	1.2455706	1.0602749	1.0626609	1.3820491	1.1721243	49.391263	20.733364	154.84373	17.317977	4.5939415	1.040389
0.9200	386.505802	1107.9274	77.752342	348.36643	440.35002	1.4501521	1.6881398	1.4680696	1.2491418	1.061052	1.0638593	1.3835981	1.1741607	49.314037	20.803937	154.01432	17.396773	4.5849772	1.0445636
0.9300	387.006235	1105.6778	78.719532	349.09547	440.71639	1.4520138	1.6887566	1.4708043	1.2527423	1.0618271	1.0650515	1.3851636	1.1762269	49.237591	20.874465	153.19588	17.47591	4.576202	1.0487843
0.9400	387.502597	1103.4343	79.690865	349.81972	441.07867	1.4538606	1.689366	1.4735566	1.2563731	1.0626002	1.0662377	1.386746	1.1783237	49.161907	20.944957	152.38814	17.555391	4.5676127	1.0530517
0.9500	387.994962	1101.1968	80.666393	350.53928	441.43691	1.455693	1.6899683	1.4763271	1.2600354	1.0633715	1.067418	1.3883455	1.1804517	49.086972	21.015423	151.59082	17.635222	4.5592066	1.0573665
0.9600	388.483401	1098.965	81.646166	351.25424	441.79118	1.4575111	1.6905634	1.4791162	1.2637299	1.0641411	1.0685926	1.3899625	1.1826115	49.01277	21.085871	150.80368	17.715408	4.5509807	1.0617295
0.9700	388.967987	1096.7387	82.630238	351.96468	442.14154	1.4593153	1.6911515	1.4819245	1.2674579	1.0649091	1.0697618	1.3915973	1.1848039	48.939288	21.156312	150.02646	17.795954	4.5429326	1.0661415
0.9800	389.448788	1094.5177	83.618661	352.6707	442.48802	1.4611058	1.6917326	1.4847525	1.2712203	1.0656755	1.0709256	1.3932501	1.1870295	48.866513	21.226754	149.25892	17.876866	4.5350597	1.0706034
0.9900	389.925869	1092.3017	84.61149	353.37237	442.8307	1.462883	1.6923069	1.4876007	1.2750182	1.0664405	1.0720842	1.3949215	1.1892892	48.79443	21.297207	148.50083	17.958148	4.5273597	1.0751159
1.0000	390.399296	1090.0905	85.608779	354.06978	443.16961	1.464647	1.6928744	1.4904697	1.2788528	1.0672041	1.0732379	1.3966116	1.1915837	48.723029	21.367679	147.75197	18.039806	4.5198304	1.07968
1.0100	390.869132	1087.884	86.610584	354.76301	443.50482	1.4663981	1.6934352	1.49336	1.2827251	1.0679666	1.0743867	1.3983209	1.1939137	48.652295	21.438179	147.01211	18.121846	4.5124695	1.0842966
1.0200	391.335438	1085.6819	87.616962	355.45215	443.83635	1.4681366	1.6939894	1.4962722	1.2866362	1.0687279	1.0755309	1.4000498	1.1962801	48.582217	21.508716	146.28104	18.204272	4.5052752	1.0889667
1.0300	391.798273	1083.4839	88.62797	356.13725	444.16427	1.4698627	1.694537	1.4992069	1.2905874	1.0694881	1.0766706	1.4017985	1.1986836	48.512784	21.579299	145.55857	18.28709	4.4982455	1.0936911
1.0400	392.257696	1081.29	89.643666	356.8184	444.48862	1.4715766	1.6950782	1.5021647	1.2945797	1.0702475	1.0778059	1.4035676	1.2011251	48.443984	21.649936	144.84449	18.370307	4.4913787	1.098471
1.0500	392.713763	1079.0998	90.664111	357.49568	444.80943	1.4732786	1.695613	1.5051462	1.2986146	1.0710059	1.078937	1.4053575	1.2036056	48.375806	21.720636	144.13861	18.453926	4.4846731	1.1033073
1.0600	393.166528	1076.9132	91.689364	358.16914	445.12676	1.474969	1.6961414	1.508152	1.3026931	1.0717637	1.080064	1.4071684	1.2061258	48.308241	21.791408	143.44074	18.537955	4.478127	1.1082013
1.0700	393.616045	1074.73	92.719486	358.83887	445.44064	1.4766478	1.6966636	1.5111828	1.3068165	1.0725207	1.0811872	1.409001	1.2086867	48.241276	21.862259	142.7507	18.622398	4.4717391	1.1131539
1.0800	394.062367	1072.5501	93.754541	359.50492	445.75111	1.4783153	1.6971796	1.5142392	1.3109863	1.0732772	1.0823065	1.4108556	1.2112893	48.174903	21.933199	142.06832	18.707262	4.465508	1.1181663
1.0900	394.505544	1070.3731	94.794591	360.16737	446.0582	1.4799717	1.6976894	1.5173218	1.3152036	1.0740333	1.0834223	1.4127326	1.2139344	48.109112	22.004235	141.39343	18.792553	4.4594324	1.1232398
1.1000	394.945625	1068.199	95.839701	360.82627	446.36197	1.4816173	1.6981932	1.5204314	1.3194699	1.0747889	1.0845345	1.4146326	1.2166232	48.043894	22.075377	140.72586	18.878276	4.4535111	1.1283756
1.1100	395.382660	1066.0275	96.889938	361.48169	446.66243	1.4832522	1.6986909	1.5235687	1.3237866	1.0755442	1.0856435	1.4165561	1.2193567	47.979239	22.146631	140.06544	18.964437	4.4477431	1.133575
1.1200	395.816694	1063.8585	97.945367	362.13369	446.95963	1.4848766	1.6991827	1.5267344	1.3281551	1.0762994	1.0867492	1.4185035	1.2221358	47.915138	22.218008	139.41203	19.051043	4.4421274	1.1388393
1.1300	396.247774	1061.6917	99.006058	362.78234	447.2536	1.4864907	1.6996686	1.5299293	1.3325769	1.0770544	1.0878518	1.4204754	1.2249618	47.851583	22.289515	138.76547	19.1381	4.436663	1.1441698
1.1400	396.675944	1059.527	100.07208	363.42768	447.54437	1.4880947	1.7001486	1.533154	1.3370535	1.0778094	1.0889515	1.4224723	1.2278357	47.788566	22.36116	138.12561	19.225614	4.4313492	1.149568
1.1500	397.101248	1057.3642	101.1435	364.06978	447.83197	1.4896887	1.7006228	1.5364093	1.3415865	1.0785645	1.0900484	1.4244947	1.2307587	47.726079	22.432952	137.49231	19.313592	4.4261853	1.1550354
1.1600	397.523729	1055.2032	102.2204	364.70869	448.11643	1.491273	1.7010912	1.5396962	1.3461775	1.0793197	1.0911426	1.4265432	1.233732	47.664113	22.504899	136.86543	19.402039	4.4211706	1.1605735
1.1700	397.943429	1053.0437	103.30284	365.34448	448.39778	1.4928476	1.7015539	1.5430153	1.3508281	1.0800751	1.0922342	1.4286185	1.2367568	47.602661	22.57701	136.24483	19.490964	4.4163047	1.1661838
1.1800	398.360387	1050.8856	104.3909	365.97718	448.67605	1.4944129	1.702011	1.5463676	1.3555401	1.0808309	1.0933234	1.4307211	1.2398345	47.541717	22.649292	135.63038	19.580372	4.411587	1.1718679
1.1900	398.774644	1048.7287	105.48466	366.60686	448.95127	1.4959688	1.7024624	1.5497538	1.3603151	1.0815871	1.0944103	1.4328516	1.2429662	47.481272	22.721755	135.02195	19.670271	4.4070172	1.1776276
1.2000	399.186238	1046.5729	106.5842	367.23356	449.22347	1.4975156	1.7029083	1.553175	1.365155	1.0823438	1.0954951	1.4350107	1.2461535	47.42132	22.794407	134.41942	19.760666	4.4025952	1.1834646
1.2100	399.595207	1044.4179	107.68959	367.85734	449.49266	1.4990535	1.7033486	1.5566319	1.3700616	1.0831011	1.0965778	1.4371991	1.2493976	47.361854	22.867255	133.82265	19.851567	4.3983206	1.1893806
1.2200	400.001589	1042.2636	108.80092	368.47825	449.75887	1.5005826	1.7037833	1.5601257	1.3750369	1.0838591	1.0976585	1.4394174	1.2527001	47.302868	22.94031	133.23154	19.942979	4.3941934	1.1953776
1.2300	400.405418	1040.1098	109.91826	369.09633	450.02212	1.502103	1.7042127	1.5636571	1.3800828	1.0846179	1.0987375	1.4416663	1.2560624	47.244355	23.013578	132.64597	20.03491	4.3902136	1.2014574
1.2400	400.806731	1037.9563	111.04171	369.71164	450.28245	1.5036149	1.7046366	1.5672273	1.3852012	1.0853775	1.0998147	1.4439467	1.259486	47.18631	23.08707	132.06581	20.127367	4.3863813	1.207622
1.2500	401.205562	1035.803	112.17134	370.32421	450.53987	1.5051185	1.705055	1.5708373	1.3903944	1.0861381	1.1008904	1.4462592	1.2629726	47.128726	23.160793	131.49097	20.220359	4.3826967	1.2138736
1.2600	401.601944	1033.6498	113.30725	370.9341	450.79439	1.5066138	1.7054682	1.5744881	1.3956645	1.0868998	1.1019646	1.4486047	1.2665239	47.071599	23.234757	130.92133	20.313893	4.3791601	1.2202141
1.2700	401.995911	1031.4963	114.44952	371.54135	451.04605	1.508101	1.7058759	1.5781808	1.4010136	1.0876625	1.1030375	1.4509839	1.2701414	47.014922	23.30897	130.35678	20.407977	4.3757718	1.2266459
1.2800	402.387495	1029.3425	115.59825	372.14601	451.29486	1.5095803	1.7062784	1.5819166	1.4064441	1.0884265	1.1041092	1.4533977	1.273827	46.95869	23.383441	129.79722	20.502618	4.3725323	1.2331712
1.2900	402.776728	1027.1882	116.75353	372.74812	451.54084	1.5110518	1.7066756	1.5856967	1.4119583	1.0891918	1.1051797	1.455847	1.2775825	46.902898	23.458179	129.24256	20.597826	4.3694421	1.2397924
1.3000	403.163640	1025.0333	117.91546	373.34772	451.784	1.5125155	1.7070675	1.5895222	1.4175587	1.0899585	1.1062493	1.4583327	1.2814098	46.847542	23.533193	128.69269	20.693609	4.3665018	1.2465119
1.3100	403.548262	1022.8775	119.08413	373.94485	452.02437	1.5139717	1.7074542	1.5933944	1.4232478	1.0907268	1.1073181	1.4608557	1.2853108	46.792616	23.608493	128.14751	20.789975	4.3637124	1.2533323
1.3200	403.930623	1020.7206	120.25964	374.53957	452.26196	1.5154205	1.7078357	1.5973146	1.4290283	1.0914966	1.108386	1.4634169	1.2892875	46.738117	23.684088	127.60693	20.886933	4.3610745	1.2602562
1.3300	404.310752	1018.5626	121.44209	375.13189	452.49678	1.516862	1.708212	1.6012841	1.4349028	1.0922681	1.1094534	1.4660175	1.2933421	46.684039	23.759987	127.07086	20.984492	4.3585891	1.2672863
1.3400	404.688677	1016.4032	122.6316	375.72188	452.72886	1.5182962	1.7085832	1.6053043	1.4408741	1.0930413	1.1105202	1.4686584	1.2974767	46.63038	23.8362	126.53921	21.082661	4.3562573	1.2744255
1.3500	405.064427	1014.2422	123.82826	376.30957	452.9582	1.5197234	1.7089492	1.6093766	1.4469451	1.0938165	1.1115866	1.4713406	1.3016936	46.577134	23.912736	126.01188	21.18145	4.3540803	1.2816766
1.3600	405.438029	1012.0796	125.03218	376.89499	453.18481	1.5211436	1.7093101	1.6135026	1.4531189	1.0945936	1.1126528	1.4740654	1.305995	46.524298	23.989606	125.4888	21.280867	4.3520593	1.2890429
1.3700	405.809508	1009.915	126.24347	377.47818	453.40872	1.522557	1.7096658	1.6176837	1.4593985	1.0953728	1.1137187	1.4768339	1.3103834	46.471868	24.066819	124.96987	21.380923	4.3501957	1.2965273
1.3800	406.178891	1007.7484	127.46226	378.05919	453.62993	1.5239637	1.7100165	1.6219215	1.4657871	1.0961541	1.1147846	1.4796472	1.3148613	46.419842	24.144385	124.45502	21.481628	4.348491	1.3041332
1.3900	406.546205	1005.5795	128.68865	378.63805	453.84845	1.5253637	1.7103621	1.6262176	1.4722881	1.0969378	1.1158506	1.4825067	1.3194313	46.368215	24.222315	123.94415	21.582992	4.3469468	1.311864
1.4000	406.911473	1003.4082	129.92277	379.2148	454.06429	1.5267573	1.7107027	1.6305738	1.478905	1.0977238	1.1169167	1.4854136	1.324096	46.316985	24.300619	123.4372	21.685026	4.3455648	1.3197233
1.4100	407.274720	1001.2343	131.16474	379.78947	454.27747	1.5281444	1.7110382	1.6349918	1.4856412	1.0985122	1.1179832	1.4883693	1.3288583	46.26615	24.379308	122.93408	21.787739	4.344347	1.3277146
1.4200	407.635971	999.05764	132.41468	380.36211	454.48799	1.5295253	1.7113686	1.6394735	1.4925006	1.0993032	1.11905	1.4913751	1.3337211	46.215705	24.458392	122.43471	21.891143	4.3432953	1.3358419
1.4300	407.995248	996.87798	133.67272	380.93274	454.69585	1.5308999	1.711694	1.6440206	1.499487	1.1000969	1.1201174	1.4944326	1.3386874	46.16565	24.537883	121.93902	21.99525	4.3424118	1.3441091
1.4400	408.352576	994.69516	134.93899	381.5014	454.90108	1.5322685	1.7120144	1.6486353	1.5066044	1.1008934	1.1211854	1.4975432	1.3437604	46.115981	24.617793	121.44693	22.100069	4.3416988	1.3525202
1.4500	408.707976	992.50899	136.21364	382.06813	455.10367	1.5336311	1.7123297	1.6533196	1.513857	1.1016927	1.1222541	1.5007085	1.3489432	46.066696	24.698131	120.95837	22.205615	4.3411588	1.3610797
1.4600	409.061470	990.31929	137.49679	382.63296	455.30364	1.5349879	1.7126401	1.6580755	1.5212491	1.1024951	1.1233238	1.5039301	1.3542392	46.017794	24.778911	120.47327	22.311897	4.3407942	1.369792
1.4700	409.413082	988.12586	138.7886	383.19593	455.50097	1.5363388	1.7129454	1.6629053	1.5287853	1.1033005	1.1243944	1.5072098	1.3596521	45.969273	24.860144	119.99155	22.418929	4.3406078	1.3786617
1.4800	409.762831	985.92849	140.08919	383.75707	455.69569	1.5376841	1.7132457	1.6678113	1.5364701	1.1041091	1.1254662	1.5105493	1.3651854	45.921131	24.941842	119.51315	22.526724	4.3406026	1.3876937
1.4900	410.110740	983.72701	141.39874	384.31641	455.8878	1.5390238	1.713541	1.6727959	1.5443085	1.1049211	1.1265392	1.5139505	1.370843	45.873367	25.024017	119.038	22.635293	4.3407815	1.396893
1.5000	410.456828	981.5212	142.71738	384.87399	456.07729	1.540358	1.7138313	1.6778615	1.5523055	1.1057365	1.1276136	1.5174153	1.3766289	45.825981	25.106684	118.56602	22.744651	4.3411478	1.4062649
1.5100	410.801115	979.31086	144.04528	385.42983	456.26418	1.5416868	1.7141166	1.6830107	1.5604665	1.1065555	1.1286895	1.5209456	1.3825472	45.77897	25.189853	118.09716	22.854811	4.341705	1.4158148
1.5200	411.143622	977.09578	145.3826	385.98399	456.44846	1.5430103	1.7143968	1.6882463	1.568797	1.1073781	1.129767	1.5245437	1.3886022	45.732335	25.27354	117.63134	22.965787	4.3424565	1.4255485
1.5300	411.484368	974.87575	146.72951	386.53647	456.63013	1.5443286	1.714672	1.6935711	1.5773026	1.1082046	1.1308462	1.5282116	1.3947985	45.686074	25.357758	117.1685	23.077594	4.3434064	1.4354719
1.5400	411.823372	972.65057	148.08617	387.08733	456.8092	1.5456418	1.7149422	1.6989879	1.5859894	1.1090349	1.1319273	1.5319517	1.4011407	45.640188	25.44252	116.70858	23.190245	4.3445585	1.4455912
1.5500	412.160652	970.42	149.45276	387.63658	456.98566	1.54695	1.7152074	1.7044999	1.5948637	1.1098693	1.1330104	1.5357663	1.4076338	45.594677	25.527841	116.25151	23.303757	4.3459171	1.455913
1.5600	412.496228	968.18384	150.82947	388.18427	457.15951	1.5482533	1.7154675	1.7101103	1.6039319	1.1107079	1.1340956	1.539658	1.4142828	45.549541	25.613736	115.79723	23.418144	4.3474868	1.466444
1.5700	412.830116	965.94184	152.21647	388.73043	457.33076	1.5495517	1.7157225	1.7158223	1.6132008	1.1115507	1.1351831	1.5436293	1.4210931	45.50478	25.70022	115.34567	23.533423	4.3492723	1.4771912
1.5800	413.162335	963.69379	153.61397	389.27507	457.49939	1.5508454	1.7159725	1.7216395	1.6226777	1.112398	1.1362729	1.547683	1.4280704	45.460395	25.787308	114.89679	23.649611	4.3512785	1.4881622
1.5900	413.492902	961.43945	155.02215	389.81825	457.66541	1.5521344	1.7162174	1.7275655	1.6323699	1.1132499	1.1373653	1.5518218	1.4352205	45.416388	25.875017	114.4505	23.766723	4.3535108	1.4993646
1.6000	413.821834	959.17857	156.44123	390.35999	457.82881	1.5534188	1.7164572	1.7336041	1.6422853	1.1141065	1.1384603	1.5560488	1.4425494	45.372759	25.963364	114.00676	23.884778	4.3559747	1.5108065
1.6100	414.149148	956.91092	157.8714	390.90032	457.98959	1.5546988	1.7166918	1.7397593	1.6524319	1.1149679	1.1395582	1.5603672	1.4500637	45.329509	26.052364	113.5655	24.003793	4.358676	1.5224965
1.6200	414.474860	954.63624	159.31289	391.43927	458.14774	1.5559744	1.7169214	1.7460354	1.6628183	1.1158343	1.140659	1.5647801	1.4577699	45.286642	26.142036	113.12667	24.123787	4.361621	1.5344434
1.6300	414.798987	952.35427	160.76592	391.97688	458.30325	1.5572457	1.7171457	1.7524366	1.6734535	1.1167059	1.1417628	1.569291	1.4656752	45.244158	26.232398	112.6902	24.244779	4.3648161	1.5466566
1.6400	415.121544	950.06476	162.23071	392.51318	458.45611	1.5585128	1.7173649	1.7589675	1.6843468	1.1175827	1.1428699	1.5739036	1.473787	45.202061	26.323467	112.25604	24.366788	4.3682683	1.5591457
1.6500	415.442547	947.76743	163.70751	393.04819	458.60633	1.5597757	1.7175788	1.765633	1.695508	1.1184651	1.1439804	1.5786216	1.4821128	45.160353	26.415264	111.82413	24.489835	4.3719848	1.5719211
1.6600	415.762011	945.46201	165.19655	393.58195	458.75388	1.5610346	1.7177875	1.7724382	1.7069475	1.119353	1.1450944	1.5834489	1.490661	45.119037	26.507809	111.3944	24.613939	4.3759732	1.5849935
1.6700	416.079951	943.14822	166.69809	394.11449	458.89875	1.5622895	1.717991	1.7793883	1.7186761	1.1202466	1.1462121	1.5883898	1.4994399	45.078117	26.60112	110.96681	24.739124	4.3802418	1.5983741
1.6800	416.396382	940.82576	168.21239	394.64585	459.04095	1.5635406	1.7181891	1.7864889	1.7307052	1.1211463	1.1473336	1.5934486	1.5084586	45.037596	26.69522	110.5413	24.86541	4.3847989	1.6120749
1.6900	416.711319	938.49435	169.73971	395.17606	459.18044	1.5647879	1.7183819	1.7937459	1.7430467	1.122052	1.1484591	1.59863	1.5177264	44.997479	26.790131	110.11779	24.992821	4.3896536	1.6261083
1.7000	417.024775	936.15366	171.28034	395.70514	459.31723	1.5660315	1.7185694	1.8011655	1.7557132	1.122964	1.1495888	1.6039388	1.5272532	44.957771	26.885875	109.69625	25.12138	4.3948155	1.6404874
1.7100	417.336766	933.8034	172.83456	396.23313	459.45129	1.5672714	1.7187514	1.8087542	1.768718	1.1238825	1.1507228	1.6093802	1.5370496	44.918477	26.982475	109.27661	25.251112	4.4002946	1.655226
1.7200	417.647303	931.44324	174.40266	396.76007	459.58261	1.5685079	1.718928	1.8165187	1.782075	1.1248076	1.1518613	1.6149595	1.5471264	44.879601	27.079956	108.85882	25.382041	4.4061016	1.6703387
1.7300	417.956402	929.07285	175.98496	397.28598	459.71117	1.5697409	1.7190991	1.8244665	1.7957989	1.1257396	1.1530044	1.6206826	1.5574952	44.841151	27.178343	108.44281	25.514194	4.4122477	1.6858409
1.7400	418.264075	926.69187	177.58177	397.8109	459.83696	1.5709706	1.7192646	1.832605	1.8099052	1.1266786	1.1541524	1.6265553	1.5681683	44.803132	27.277662	108.02853	25.647598	4.418745	1.7017486
1.7500	418.570336	924.29996	179.19342	398.33486	459.95995	1.5721971	1.7194246	1.8409423	1.8244104	1.1276248	1.1553054	1.6325841	1.5791585	44.765552	27.377941	107.61592	25.782281	4.425606	1.7180789
1.7600	418.875196	921.89676	180.82025	398.85791	460.08013	1.5734203	1.7195789	1.8494871	1.8393317	1.1285785	1.1564636	1.6387758	1.5904795	44.728418	27.479206	107.20492	25.918271	4.4328442	1.7348498
1.7700	419.178670	919.48189	182.46262	399.38006	460.19747	1.5746405	1.7197276	1.8582482	1.8546873	1.1295398	1.1576272	1.6451373	1.6021455	44.691739	27.581489	106.79548	26.055599	4.4404738	1.7520805
1.7800	419.480768	917.05496	184.12089	399.90136	460.31195	1.5758577	1.7198705	1.8672352	1.8704967	1.1305091	1.1587964	1.6516764	1.614172	44.655524	27.684819	106.38753	26.194295	4.4485098	1.769791
1.7900	419.781505	914.61556	185.79545	400.42184	460.42354	1.577072	1.7200076	1.8764582	1.8867803	1.1314864	1.1599714	1.658401	1.6265749	44.619781	27.789228	105.98102	26.334392	4.4569682	1.7880026
1.8000	420.080890	912.16329	187.48669	400.94153	460.53222	1.5782835	1.7201388	1.885928	1.9035599	1.1324721	1.1611524	1.6653196	1.6393713	44.584521	27.894749	105.57588	26.475923	4.4658662	1.806738
1.8100	420.378937	909.69771	189.19502	401.46048	460.63797	1.5794923	1.7202641	1.8956559	1.9208583	1.1334664	1.1623396	1.6724412	1.6525793	44.549756	28.001417	105.17206	26.618923	4.4752217	1.8260211
1.8200	420.675656	907.21838	190.92087	401.97872	460.74075	1.5806985	1.7203834	1.905654	1.9387001	1.1344695	1.1635331	1.6797754	1.6662182	44.515496	28.109269	104.76949	26.763427	4.485054	1.8458773
1.8300	420.971059	904.72483	192.66469	402.49629	460.84052	1.5819022	1.7204966	1.9159352	1.9571112	1.1354818	1.1647334	1.6873324	1.6803084	44.481755	28.21834	104.36812	26.909474	4.4953836	1.8663335
1.8400	421.265158	902.21659	194.42693	403.01323	460.93727	1.5831034	1.7206036	1.9265131	1.9761193	1.1365034	1.1659404	1.6951231	1.6948715	44.448546	28.328673	103.96787	27.057102	4.5062324	1.8874185
1.8500	421.557962	899.69316	196.20809	403.52957	461.03095	1.5843023	1.7207044	1.9374024	1.9957535	1.1375347	1.1671546	1.703159	1.7099307	44.415884	28.440306	103.5687	27.206352	4.5176236	1.9091628
1.8600	421.849484	897.15402	198.00865	404.04536	461.12152	1.585499	1.7207989	1.9486186	2.0160454	1.1385759	1.1683761	1.7114526	1.7255106	44.383783	28.553285	103.17052	27.357266	4.5295822	1.9315988
1.8700	422.139733	894.59862	199.82916	404.56064	461.20895	1.5866936	1.7208869	1.9601784	2.0370281	1.1396273	1.1696052	1.720017	1.7416373	44.352262	28.667654	102.77327	27.509888	4.5421347	1.9547612
1.8800	422.428720	892.02642	201.67014	405.07544	461.2932	1.5878862	1.7209685	1.9720994	2.0587374	1.1406893	1.1708421	1.7288663	1.758339	44.321337	28.78346	102.3769	27.664264	4.5553096	1.9786869
1.8900	422.716455	889.43683	203.53219	405.58982	461.37422	1.5890769	1.7210434	1.9844006	2.0812113	1.1417622	1.1720872	1.7380157	1.7756455	44.291027	28.900755	101.98132	27.820442	4.5691374	2.0034154
1.9000	423.002948	886.82924	205.41589	406.10382	461.45197	1.5902658	1.7211116	1.9971025	2.1044906	1.1428463	1.1733406	1.7474813	1.7935888	44.261354	29.019591	101.58646	27.978472	4.5836507	2.028989
1.9100	423.288209	884.20301	207.32186	406.61747	461.52639	1.591453	1.721173	2.0102269	2.1286188	1.143942	1.1746027	1.7572805	1.8122032	44.232338	29.140023	101.19227	28.138407	4.5988846	2.0554528
1.9200	423.572247	881.55747	209.25077	407.13084	461.59745	1.5926387	1.7212274	2.0237972	2.1536427	1.1450496	1.1758737	1.7674319	1.8315256	44.204004	29.262109	100.79865	28.3003	4.6148767	2.0828551
1.9300	423.855073	878.89195	211.2033	407.64397	461.66508	1.5938229	1.7212747	2.0378386	2.1796126	1.1461695	1.1771539	1.7779558	1.8515952	44.176376	29.385912	100.40554	28.46421	4.6316677	2.1112481
1.9400	424.136696	876.2057	213.18017	408.15691	461.72922	1.5950058	1.7213149	2.0523784	2.2065824	1.1473021	1.1784438	1.7888736	1.8724546	44.149482	29.511496	100.01286	28.630196	4.6493011	2.1406874
1.9500	424.417124	873.49797	215.18213	408.6697	461.78982	1.5961875	1.7213476	2.0674457	2.2346103	1.1484478	1.1797435	1.8002087	1.8941493	44.123349	29.63893	99.620525	28.798321	4.667824	2.1712331
1.9600	424.696366	870.76796	217.20997	409.18241	461.84681	1.5973681	1.7213729	2.0830723	2.263759	1.1496071	1.1810534	1.8119863	1.9167287	44.098008	29.768288	99.22845	28.968652	4.6872874	2.2029499
1.9700	424.974432	868.01483	219.26453	409.6951	461.90012	1.5985478	1.7213906	2.0992924	2.294096	1.1507804	1.182374	1.8242337	1.9402457	44.073493	29.899646	98.836552	29.141258	4.7077462	2.2359075
1.9800	425.251330	865.23769	221.34668	410.20781	461.94969	1.5997267	1.7214004	2.116143	2.3256944	1.1519682	1.1837054	1.8369804	1.9647578	44.049839	30.033088	98.444739	29.316212	4.72926	2.2701812
1.9900	425.527069	862.43563	223.45735	410.72061	461.99543	1.600905	1.7214022	2.1336643	2.3586334	1.1531709	1.1850482	1.8502585	1.9903271	44.027083	30.168699	98.05292	29.493592	4.7518936	2.3058526
2.0000	425.801656	859.60767	225.59752	411.23356	462.03727	1.6020828	1.7213959	2.1519	2.3929989	1.1543891	1.1864027	1.8641028	2.0170209	44.005266	30.306573	97.660998	29.673477	4.7757172	2.3430099
2.0100	426.075100	856.75277	227.76821	411.74674	462.07512	1.6032602	1.7213812	2.1708978	2.4288841	1.1556234	1.1877692	1.8785512	2.0449124	43.98443	30.446808	97.26887	29.855954	4.8008074	2.3817489
2.0200	426.347410	853.86984	229.97051	412.2602	462.10889	1.6044375	1.7213579	2.1907094	2.4663904	1.1568743	1.1891484	1.8936451	2.0740812	43.964621	30.589511	96.876433	30.041113	4.8272477	2.4221738
2.0300	426.618592	850.95775	232.20557	412.77402	462.13848	1.6056148	1.7213258	2.2113917	2.5056283	1.1581424	1.1905405	1.9094298	2.1046141	43.94589	30.734794	96.483575	30.22905	4.8551292	2.464398
2.0400	426.888654	848.01525	234.47461	413.28828	462.1638	1.6067923	1.7212847	2.2330066	2.5467188	1.1594284	1.1919461	1.9259547	2.1366056	43.928289	30.882779	96.090181	30.419866	4.884552	2.5085451
2.0500	427.157604	845.04108	236.77893	413.80305	462.18472	1.6079701	1.7212343	2.2556224	2.5897939	1.1607329	1.1933657	1.9432742	2.1701595	43.911873	31.033595	95.696128	30.613669	4.9156256	2.5547505
2.0600	427.425450	842.03384	239.1199	414.31843	462.20114	1.6091485	1.7211744	2.2793138	2.6349985	1.1620567	1.1947997	1.9614481	2.2053893	43.896704	31.187381	95.30129	30.810572	4.9484706	2.6031621
2.0700	427.692198	838.99209	241.49899	414.8345	462.21293	1.6103277	1.7211046	2.3041635	2.6824918	1.1634004	1.1962487	1.9805421	2.2424198	43.882844	31.344287	94.905529	31.010697	4.9832198	2.6539426
2.0800	427.957855	835.91427	243.91775	415.35135	462.21996	1.6115079	1.7210248	2.3302627	2.7324494	1.1647649	1.1977133	2.0006291	2.2813885	43.870364	31.504476	94.508704	31.214172	5.02002	2.7072707
2.0900	428.222428	832.79872	246.37786	415.86908	462.22209	1.6126893	1.7209344	2.3577122	2.7850647	1.1661511	1.1991941	2.0217896	2.322447	43.859335	31.668122	94.110662	31.421137	5.0590338	2.7633435
2.1000	428.485924	829.64366	248.88109	416.38781	462.21916	1.6138722	1.7208333	2.3866243	2.840552	1.1675598	1.2006916	2.0441131	2.3657631	43.849836	31.835415	93.711242	31.631738	5.1004416	2.8223787
2.1100	428.748350	826.44721	251.42936	416.90765	462.21101	1.6150568	1.720721	2.4171237	2.8991492	1.168992	1.2022066	2.0676991	2.4115232	43.841948	32.00656	93.310272	31.846133	5.1444445	2.8846178
2.1200	429.009710	823.20731	254.0247	417.42871	462.19747	1.6162435	1.7205972	2.4493499	2.9611208	1.1704487	1.2037398	2.0926589	2.4599342	43.835762	32.181781	92.907569	32.064491	5.191267	2.9503287
2.1300	429.270013	819.92178	256.66932	417.95112	462.17835	1.6174325	1.7204614	2.4834589	3.026762	1.171931	1.2052919	2.119117	2.5112274	43.831369	32.361323	92.502935	32.286994	5.2411604	3.0198101
2.1400	429.529263	816.58827	259.36559	418.47503	462.15344	1.6186241	1.7203131	2.5196261	3.0964035	1.17344	1.2068636	2.1472134	2.5656614	43.82887	32.545451	92.09616	32.513838	5.2944073	3.0933958
2.1500	429.787466	813.20421	262.11608	419.00059	462.12252	1.6198187	1.7201519	2.5580493	3.1704163	1.1749771	1.2084559	2.1771057	2.6235267	43.828371	32.73446	91.687016	32.745234	5.3513263	3.1714598
2.1600	430.044628	809.76686	264.92355	419.52795	462.08536	1.6210167	1.7199772	2.5989524	3.2492189	1.1765435	1.2100696	2.2089726	2.6851504	43.829984	32.92867	91.275258	32.98141	5.4122778	3.254423
2.1700	430.300753	806.27322	267.79101	420.0573	462.0417	1.6222185	1.7197884	2.6425894	3.3332843	1.1781408	1.2117056	2.2430167	2.7509027	43.83383	33.128437	90.860619	33.222615	5.4776713	3.3427602
2.1800	430.555849	802.72004	270.72174	420.58882	461.99126	1.6234245	1.7195849	2.6892503	3.4231498	1.1797704	1.213365	2.2794693	2.8212037	43.840035	33.334154	90.442811	33.469118	5.5479736	3.4370095
2.1900	430.809918	799.10375	273.71931	421.12272	461.93373	1.6246352	1.7193661	2.7392673	3.519428	1.1814341	1.2150488	2.3185951	2.8965321	43.848738	33.546258	90.021517	33.721214	5.6237193	3.5377831
2.2000	431.062966	795.42048	276.78761	421.65922	461.86877	1.625851	1.719131	2.7930223	3.6228206	1.1831337	1.2167583	2.3606989	2.9774365	43.860084	33.765236	89.596395	33.979223	5.7055232	3.6457802
2.2100	431.314997	791.66595	279.93095	422.19857	461.79603	1.6270727	1.718879	2.8509575	3.7341349	1.1848712	1.2184946	2.4061329	3.0645477	43.874232	33.991633	89.167064	34.243499	5.794096	3.7618036
2.2200	431.566015	787.83547	283.15404	422.74106	461.71508	1.6283007	1.7186091	2.9135867	3.8543048	1.1866488	1.2202591	2.4553067	3.1585953	43.891352	34.226061	88.733107	34.514431	5.890263	3.8867791
2.2300	431.816025	783.92381	286.4621	423.28697	461.62549	1.6295358	1.7183202	2.9815109	3.9844164	1.1884689	1.2220534	2.5086991	3.2604276	43.911632	34.469214	88.294063	34.792447	5.9949881	4.0217801
2.2400	432.065029	779.92521	289.86094	423.83664	461.52677	1.6307787	1.7180113	3.0554371	4.1257403	1.1903342	1.2238788	2.5668733	3.3710366	43.935281	34.721876	87.849418	35.078025	6.1094038	4.1680588
2.2500	432.313032	775.83323	293.357	424.39045	461.41835	1.6320304	1.7176811	3.1362027	4.2797724	1.1922476	1.2257373	2.6304962	3.4915902	43.96253	34.984946	87.398597	35.371696	6.2348485	4.3270842
2.2600	432.560036	771.64065	296.95754	424.94881	461.29962	1.6332917	1.7173282	3.2248067	4.4482863	1.1942122	1.2276307	2.7003632	3.6234728	43.993644	35.259453	86.940956	35.674054	6.3729156	4.5005918
2.2700	432.806044	767.33933	300.67069	425.51221	461.16989	1.6345638	1.716951	3.3224506	4.6334008	1.1962318	1.229561	2.7774304	3.7683376	44.02893	35.546588	86.475768	35.985769	6.5255155	4.6906468
2.2800	433.051058	762.92006	304.50568	426.08116	461.02838	1.6358478	1.7165478	3.4305911	4.8376677	1.1983103	1.2315305	2.862857	3.9281752	44.06875	35.847736	86.002207	36.307599	6.6949575	4.8997264
2.2900	433.295080	758.37237	308.47302	426.65628	460.87419	1.6371451	1.7161165	3.5510121	5.0641887	1.2004524	1.2335419	2.9580616	4.1054047	44.113537	36.164521	85.519328	36.640407	6.8840584	5.1308279
2.3000	433.538111	753.6842	312.58474	427.23828	460.70631	1.6384574	1.7156549	3.6859199	5.3167716	1.2026631	1.2355979	3.0647983	4.3029951	44.163824	36.498865	85.026044	36.985181	7.0962874	5.387613
2.3100	433.780153	748.84166	316.85477	427.82796	460.52356	1.6397865	1.7151602	3.8380758	5.6001427	1.2049484	1.2377016	3.1852615	4.5246307	44.220276	36.85306	84.521083	37.343065	7.3359634	5.6746031
2.3200	434.021204	743.82854	321.2993	428.42627	460.32457	1.6411345	1.7146293	4.0109793	5.9202417	1.2073151	1.2398567	3.3222307	4.7749403	44.283734	37.229875	84.002991	37.71539	7.6085332	5.9974475
2.3300	434.261266	738.62576	325.93738	429.03433	460.10777	1.6425041	1.7140588	4.2091301	6.2846365	1.209771	1.2420671	3.4792785	5.0598203	44.355289	37.632687	83.470015	38.10372	7.9209528	6.3632987
2.3400	434.500336	733.21067	330.79166	429.65347	459.87124	1.6438981	1.7134441	4.4384082	6.7031216	1.2123253	1.2443376	3.6610705	5.3868997	44.436377	38.065675	82.920075	38.509915	8.282249	6.7813494
2.3500	434.738413	727.55602	335.88934	430.28529	459.61273	1.6453204	1.7127803	4.7066399	7.1885997	1.2149888	1.2466733	3.8738133	5.7662259	44.528917	38.534087	82.350655	38.936211	8.7043411	7.2636166
2.3600	434.975492	721.62857	341.26359	430.93177	459.32948	1.6467753	1.712061	5.0244646	7.7584179	1.2177747	1.2490805	4.1259393	6.2113035	44.635522	39.044629	81.758673	39.385332	9.203288	7.8261178
2.3700	435.211571	715.38716	346.95546	431.59535	459.0181	1.6482684	1.7112786	5.4067043	8.4364563	1.2206988	1.2515665	4.4291877	6.7407178	44.759822	39.606046	81.14029	39.860654	9.8012355	8.4906902
2.3800	435.446643	708.77987	353.01674	432.27912	458.67434	1.6498068	1.7104233	5.8746096	9.2565128	1.2237807	1.2541399	4.8003778	7.3807659	44.90697	40.230011	80.490636	40.366435	10.529569	9.2879024
2.3900	435.680699	701.73973	359.51418	432.98709	458.29274	1.6513997	1.7094827	6.4597086	10.268029	1.2270449	1.2568112	5.2644435	8.1699056	45.084479	40.932556	79.803391	40.908166	11.434238	10.261911
2.4000	435.913729	694.17803	366.53617	433.72462	457.86611	1.6530592	1.7084406	7.2107562	11.546284	1.2305234	1.2595933	5.85991	9.1666766	45.303652	41.736455	79.070134	41.493122	12.585199	11.478967
2.4100	436.145721	685.97345	374.20359	434.49906	457.3847	1.6548021	1.7072745	8.2071118	13.211723	1.2342583	1.2625022	6.6494281	10.464713	45.58221	42.675462	78.279271	42.131258	14.094243	13.043245
2.4200	436.376655	676.95298	382.68874	435.32097	456.83468	1.6566524	1.7059532	9.5866448	15.469578	1.2383079	1.2655586	7.7417294	12.223518	45.949419	43.802351	77.414153	42.836779	16.151281	15.128569
2.4300	436.606508	666.85635	392.25084	436.20636	456.19545	1.6586468	1.7044296	11.610308	18.699793	1.2427564	1.2687892	9.3423849	14.738297	46.457134	45.205646	76.449556	43.631072	19.105847	18.048454
2.4400	436.835249	655.2621	403.30961	437.18142	455.43399	1.6608448	1.7026284	14.834077	23.691126	1.2477332	1.2722302	11.888821	18.621729	47.206684	47.048954	75.344325	44.548816	23.675959	22.432202
2.4500	437.062830	641.41081	416.62141	438.29387	454.49149	1.6633554	1.7004156	20.669685	32.384208	1.2534576	1.2759305	16.490136	25.380856	48.427204	49.681096	74.023718	45.652607	31.594782	29.758271
2.4600	437.289183	623.67699	433.8057	439.64739	453.24399	1.6664153	1.6975082	33.922478	51.120007	1.2603587	1.2799508	26.914939	39.939039	50.779075	54.043935	72.326418	47.076793	48.316975	44.529806
2.4700	437.514190	597.16772	459.74058	441.56109	451.3264	1.670753	1.693073	85.448963	118.17385	1.2695536	1.2842875	67.306308	92.015109	57.437979	60.342857	69.762599	56.041655	103.78398	109.75049
2.4800	NaN	-9999990	NaN	-9999990	-9999990	-9999990	-9999990	NaN	NaN	NaN	NaN	NaN	NaN	NaN	NaN	NaN	NaN	NaN	NaN
2.4900	NaN	-9999990	NaN	-9999990	-9999990	-9999990	-9999990	NaN	NaN	NaN	NaN	NaN	NaN	NaN	NaN	NaN	NaN	NaN	NaN
2.5000	NaN	-9999990	NaN	-9999990	-9999990	-9999990	-9999990	NaN	NaN	NaN	NaN	NaN	NaN	NaN	NaN	NaN	NaN	NaN	NaN
2.5100	NaN	-9999990	NaN	-9999990	-9999990	-9999990	-9999990	NaN	NaN	NaN	NaN	NaN	NaN	NaN	NaN	NaN	NaN	NaN	NaN
2.5200	NaN	-9999990	NaN	-9999990	-9999990	-9999990	-9999990	NaN	NaN	NaN	NaN	NaN	NaN	NaN	NaN	NaN	NaN	NaN	NaN
2.5300	NaN	-9999990	NaN	-9999990	-9999990	-9999990	-9999990	NaN	NaN	NaN	NaN	NaN	NaN	NaN	NaN	NaN	NaN	NaN	NaN
2.5400	NaN	-9999990	NaN	-9999990	-9999990	-9999990	-9999990	NaN	NaN	NaN	NaN	NaN	NaN	NaN	NaN	NaN	NaN	NaN	NaN
2.5500	NaN	-9999990	NaN	-9999990	-9999990	-9999990	-9999990	NaN	NaN	NaN	NaN	NaN	NaN	NaN	NaN	NaN	NaN	NaN	NaN
2.5600	NaN	-9999990	NaN	-9999990	-9999990	-9999990	-9999990	NaN	NaN	NaN	NaN	NaN	NaN	NaN	NaN	NaN	NaN	NaN	NaN
2.5700	NaN	-9999990	NaN	-9999990	-9999990	-9999990	-9999990	NaN	NaN	NaN	NaN	NaN	NaN	NaN	NaN	NaN	NaN	NaN	NaN
2.5800	NaN	-9999990	NaN	-9999990	-9999990	-9999990	-9999990	NaN	NaN	NaN	NaN	NaN	NaN	NaN	NaN	NaN	NaN	NaN	NaN
2.5900	NaN	-9999990	NaN	-9999990	-9999990	-9999990	-9999990	NaN	NaN	NaN	NaN	NaN	NaN	NaN	NaN	NaN	NaN	NaN	NaN
2.6000	NaN	-9999990	NaN	-9999990	-9999990	-9999990	-9999990	NaN	NaN	NaN	NaN	NaN	NaN	NaN	NaN	NaN	NaN	NaN	NaN
2.6100	NaN	-9999990	NaN	-9999990	-9999990	-9999990	-9999990	NaN	NaN	NaN	NaN	NaN	NaN	NaN	NaN	NaN	NaN	NaN	NaN
2.6200	NaN	-9999990	NaN	-9999990	-9999990	-9999990	-9999990	NaN	NaN	NaN	NaN	NaN	NaN	NaN	NaN	NaN	NaN	NaN	NaN
2.6300	NaN	-9999990	NaN	-9999990	-9999990	-9999990	-9999990	NaN	NaN	NaN	NaN	NaN	NaN	NaN	NaN	NaN	NaN	NaN	NaN
2.6400	NaN	-9999990	NaN	-9999990	-9999990	-9999990	-9999990	NaN	NaN	NaN	NaN	NaN	NaN	NaN	NaN	NaN	NaN	NaN	NaN
2.6500	NaN	-9999990	NaN	-9999990	-9999990	-9999990	-9999990	NaN	NaN	NaN	NaN	NaN	NaN	NaN	NaN	NaN	NaN	NaN	NaN
2.6600	NaN	-9999990	NaN	-9999990	-9999990	-9999990	-9999990	NaN	NaN	NaN	NaN	NaN	NaN	NaN	NaN	NaN	NaN	NaN	NaN
2.6700	NaN	-9999990	NaN	-9999990	-9999990	-9999990	-9999990	NaN	NaN	NaN	NaN	NaN	NaN	NaN	NaN	NaN	NaN	NaN	NaN
2.6800	NaN	-9999990	NaN	-9999990	-9999990	-9999990	-9999990	NaN	NaN	NaN	NaN	NaN	NaN	NaN	NaN	NaN	NaN	NaN	NaN
2.6900	NaN	-9999990	NaN	-9999990	-9999990	-9999990	-9999990	NaN	NaN	NaN	NaN	NaN	NaN	NaN	NaN	NaN	NaN	NaN	NaN
2.7000	NaN	-9999990	NaN	-9999990	-9999990	-9999990	-9999990	NaN	NaN	NaN	NaN	NaN	NaN	NaN	NaN	NaN	NaN	NaN	NaN
2.7100	NaN	-9999990	NaN	-9999990	-9999990	-9999990	-9999990	NaN	NaN	NaN	NaN	NaN	NaN	NaN	NaN	NaN	NaN	NaN	NaN
2.7200	NaN	-9999990	NaN	-9999990	-9999990	-9999990	-9999990	NaN	NaN	NaN	NaN	NaN	NaN	NaN	NaN	NaN	NaN	NaN	NaN
2.7300	NaN	-9999990	NaN	-9999990	-9999990	-9999990	-9999990	NaN	NaN	NaN	NaN	NaN	NaN	NaN	NaN	NaN	NaN	NaN	NaN
2.7400	NaN	-9999990	NaN	-9999990	-9999990	-9999990	-9999990	NaN	NaN	NaN	NaN	NaN	NaN	NaN	NaN	NaN	NaN	NaN	NaN
2.7500	NaN	-9999990	NaN	-9999990	-9999990	-9999990	-9999990	NaN	NaN	NaN	NaN	NaN	NaN	NaN	NaN	NaN	NaN	NaN	NaN
2.7600	NaN	-9999990	NaN	-9999990	-9999990	-9999990	-9999990	NaN	NaN	NaN	NaN	NaN	NaN	NaN	NaN	NaN	NaN	NaN	NaN
2.7700	NaN	-9999990	NaN	-9999990	-9999990	-9999990	-9999990	NaN	NaN	NaN	NaN	NaN	NaN	NaN	NaN	NaN	NaN	NaN	NaN
2.7800	NaN	-9999990	NaN	-9999990	-9999990	-9999990	-9999990	NaN	NaN	NaN	NaN	NaN	NaN	NaN	NaN	NaN	NaN	NaN	NaN
2.7900	NaN	-9999990	NaN	-9999990	-9999990	-9999990	-9999990	NaN	NaN	NaN	NaN	NaN	NaN	NaN	NaN	NaN	NaN	NaN	NaN
2.8000	NaN	-9999990	NaN	-9999990	-9999990	-9999990	-9999990	NaN	NaN	NaN	NaN	NaN	NaN	NaN	NaN	NaN	NaN	NaN	NaN
2.8100	NaN	-9999990	NaN	-9999990	-9999990	-9999990	-9999990	NaN	NaN	NaN	NaN	NaN	NaN	NaN	NaN	NaN	NaN	NaN	NaN
2.8200	NaN	-9999990	NaN	-9999990	-9999990	-9999990	-9999990	NaN	NaN	NaN	NaN	NaN	NaN	NaN	NaN	NaN	NaN	NaN	NaN
2.8300	NaN	-9999990	NaN	-9999990	-9999990	-9999990	-9999990	NaN	NaN	NaN	NaN	NaN	NaN	NaN	NaN	NaN	NaN	NaN	NaN
2.8400	NaN	-9999990	NaN	-9999990	-9999990	-9999990	-9999990	NaN	NaN	NaN	NaN	NaN	NaN	NaN	NaN	NaN	NaN	NaN	NaN
2.8500	NaN	-9999990	NaN	-9999990	-9999990	-9999990	-9999990	NaN	NaN	NaN	NaN	NaN	NaN	NaN	NaN	NaN	NaN	NaN	NaN
2.8600	NaN	-9999990	NaN	-9999990	-9999990	-9999990	-9999990	NaN	NaN	NaN	NaN	NaN	NaN	NaN	NaN	NaN	NaN	NaN	NaN
2.8700	NaN	-9999990	NaN	-9999990	-9999990	-9999990	-9999990	NaN	NaN	NaN	NaN	NaN	NaN	NaN	NaN	NaN	NaN	NaN	NaN
2.8800	NaN	-9999990	NaN	-9999990	-9999990	-9999990	-9999990	NaN	NaN	NaN	NaN	NaN	NaN	NaN	NaN	NaN	NaN	NaN	NaN
2.8900	NaN	-9999990	NaN	-9999990	-9999990	-9999990	-9999990	NaN	NaN	NaN	NaN	NaN	NaN	NaN	NaN	NaN	NaN	NaN	NaN
2.9000	NaN	-9999990	NaN	-9999990	-9999990	-9999990	-9999990	NaN	NaN	NaN	NaN	NaN	NaN	NaN	NaN	NaN	NaN	NaN	NaN
2.9100	NaN	-9999990	NaN	-9999990	-9999990	-9999990	-9999990	NaN	NaN	NaN	NaN	NaN	NaN	NaN	NaN	NaN	NaN	NaN	NaN
2.9200	NaN	-9999990	NaN	-9999990	-9999990	-9999990	-9999990	NaN	NaN	NaN	NaN	NaN	NaN	NaN	NaN	NaN	NaN	NaN	NaN
2.9300	NaN	-9999990	NaN	-9999990	-9999990	-9999990	-9999990	NaN	NaN	NaN	NaN	NaN	NaN	NaN	NaN	NaN	NaN	NaN	NaN
2.9400	NaN	-9999990	NaN	-9999990	-9999990	-9999990	-9999990	NaN	NaN	NaN	NaN	NaN	NaN	NaN	NaN	NaN	NaN	NaN	NaN
2.9500	NaN	-9999990	NaN	-9999990	-9999990	-9999990	-9999990	NaN	NaN	NaN	NaN	NaN	NaN	NaN	NaN	NaN	NaN	NaN	NaN
2.9600	NaN	-9999990	NaN	-9999990	-9999990	-9999990	-9999990	NaN	NaN	NaN	NaN	NaN	NaN	NaN	NaN	NaN	NaN	NaN	NaN
2.9700	NaN	-9999990	NaN	-9999990	-9999990	-9999990	-9999990	NaN	NaN	NaN	NaN	NaN	NaN	NaN	NaN	NaN	NaN	NaN	NaN
2.9800	NaN	-9999990	NaN	-9999990	-9999990	-9999990	-9999990	NaN	NaN	NaN	NaN	NaN	NaN	NaN	NaN	NaN	NaN	NaN	NaN
2.9900	NaN	-9999990	NaN	-9999990	-9999990	-9999990	-9999990	NaN	NaN	NaN	NaN	NaN	NaN	NaN	NaN	NaN	NaN	NaN	NaN
3.0000	NaN	-9999990	NaN	-9999990	-9999990	-9999990	-9999990	NaN	NaN	NaN	NaN	NaN	NaN	NaN	NaN	NaN	NaN	NaN	NaN
3.0100	NaN	-9999990	NaN	-9999990	-9999990	-9999990	-9999990	NaN	NaN	NaN	NaN	NaN	NaN	NaN	NaN	NaN	NaN	NaN	NaN
3.0200	NaN	-9999990	NaN	-9999990	-9999990	-9999990	-9999990	NaN	NaN	NaN	NaN	NaN	NaN	NaN	NaN	NaN	NaN	NaN	NaN
3.0300	NaN	-9999990	NaN	-9999990	-9999990	-9999990	-9999990	NaN	NaN	NaN	NaN	NaN	NaN	NaN	NaN	NaN	NaN	NaN	NaN
3.0400	NaN	-9999990	NaN	-9999990	-9999990	-9999990	-9999990	NaN	NaN	NaN	NaN	NaN	NaN	NaN	NaN	NaN	NaN	NaN	NaN
3.0500	NaN	-9999990	NaN	-9999990	-9999990	-9999990	-9999990	NaN	NaN	NaN	NaN	NaN	NaN	NaN	NaN	NaN	NaN	NaN	NaN
3.0600	NaN	-9999990	NaN	-9999990	-9999990	-9999990	-9999990	NaN	NaN	NaN	NaN	NaN	NaN	NaN	NaN	NaN	NaN	NaN	NaN
3.0700	NaN	-9999990	NaN	-9999990	-9999990	-9999990	-9999990	NaN	NaN	NaN	NaN	NaN	NaN	NaN	NaN	NaN	NaN	NaN	NaN
3.0800	NaN	-9999990	NaN	-9999990	-9999990	-9999990	-9999990	NaN	NaN	NaN	NaN	NaN	NaN	NaN	NaN	NaN	NaN	NaN	NaN
3.0900	NaN	-9999990	NaN	-9999990	-9999990	-9999990	-9999990	NaN	NaN	NaN	NaN	NaN	NaN	NaN	NaN	NaN	NaN	NaN	NaN
3.1000	NaN	-9999990	NaN	-9999990	-9999990	-9999990	-9999990	NaN	NaN	NaN	NaN	NaN	NaN	NaN	NaN	NaN	NaN	NaN	NaN
3.1100	NaN	-9999990	NaN	-9999990	-9999990	-9999990	-9999990	NaN	NaN	NaN	NaN	NaN	NaN	NaN	NaN	NaN	NaN	NaN	NaN
3.1200	NaN	-9999990	NaN	-9999990	-9999990	-9999990	-9999990	NaN	NaN	NaN	NaN	NaN	NaN	NaN	NaN	NaN	NaN	NaN	NaN
3.1300	NaN	-9999990	NaN	-9999990	-9999990	-9999990	-9999990	NaN	NaN	NaN	NaN	NaN	NaN	NaN	NaN	NaN	NaN	NaN	NaN
3.1400	NaN	-9999990	NaN	-9999990	-9999990	-9999990	-9999990	NaN	NaN	NaN	NaN	NaN	NaN	NaN	NaN	NaN	NaN	NaN	NaN
3.1500	NaN	-9999990	NaN	-9999990	-9999990	-9999990	-9999990	NaN	NaN	NaN	NaN	NaN	NaN	NaN	NaN	NaN	NaN	NaN	NaN
3.1600	NaN	-9999990	NaN	-9999990	-9999990	-9999990	-9999990	NaN	NaN	NaN	NaN	NaN	NaN	NaN	NaN	NaN	NaN	NaN	NaN
3.1700	NaN	-9999990	NaN	-9999990	-9999990	-9999990	-9999990	NaN	NaN	NaN	NaN	NaN	NaN	NaN	NaN	NaN	NaN	NaN	NaN
3.1800	NaN	-9999990	NaN	-9999990	-9999990	-9999990	-9999990	NaN	NaN	NaN	NaN	NaN	NaN	NaN	NaN	NaN	NaN	NaN	NaN
3.1900	NaN	-9999990	NaN	-9999990	-9999990	-9999990	-9999990	NaN	NaN	NaN	NaN	NaN	NaN	NaN	NaN	NaN	NaN	NaN	NaN
3.2000	NaN	-9999990	NaN	-9999990	-9999990	-9999990	-9999990	NaN	NaN	NaN	NaN	NaN	NaN	NaN	NaN	NaN	NaN	NaN	NaN
3.2100	NaN	-9999990	NaN	-9999990	-9999990	-9999990	-9999990	NaN	NaN	NaN	NaN	NaN	NaN	NaN	NaN	NaN	NaN	NaN	NaN
3.2200	NaN	-9999990	NaN	-9999990	-9999990	-9999990	-9999990	NaN	NaN	NaN	NaN	NaN	NaN	NaN	NaN	NaN	NaN	NaN	NaN
3.2300	NaN	-9999990	NaN	-9999990	-9999990	-9999990	-9999990	NaN	NaN	NaN	NaN	NaN	NaN	NaN	NaN	NaN	NaN	NaN	NaN
3.2400	NaN	-9999990	NaN	-9999990	-9999990	-9999990	-9999990	NaN	NaN	NaN	NaN	NaN	NaN	NaN	NaN	NaN	NaN	NaN	NaN
3.2500	NaN	-9999990	NaN	-9999990	-9999990	-9999990	-9999990	NaN	NaN	NaN	NaN	NaN	NaN	NaN	NaN	NaN	NaN	NaN	NaN
3.2600	NaN	-9999990	NaN	-9999990	-9999990	-9999990	-9999990	NaN	NaN	NaN	NaN	NaN	NaN	NaN	NaN	NaN	NaN	NaN	NaN
3.2700	NaN	-9999990	NaN	-9999990	-9999990	-9999990	-9999990	NaN	NaN	NaN	NaN	NaN	NaN	NaN	NaN	NaN	NaN	NaN	NaN
3.2800	NaN	-9999990	NaN	-9999990	-9999990	-9999990	-9999990	NaN	NaN	NaN	NaN	NaN	NaN	NaN	NaN	NaN	NaN	NaN	NaN
3.2900	NaN	-9999990	NaN	-9999990	-9999990	-9999990	-9999990	NaN	NaN	NaN	NaN	NaN	NaN	NaN	NaN	NaN	NaN	NaN	NaN
3.3000	NaN	-9999990	NaN	-9999990	-9999990	-9999990	-9999990	NaN	NaN	NaN	NaN	NaN	NaN	NaN	NaN	NaN	NaN	NaN	NaN
3.3100	NaN	-9999990	NaN	-9999990	-9999990	-9999990	-9999990	NaN	NaN	NaN	NaN	NaN	NaN	NaN	NaN	NaN	NaN	NaN	NaN
3.3200	NaN	-9999990	NaN	-9999990	-9999990	-9999990	-9999990	NaN	NaN	NaN	NaN	NaN	NaN	NaN	NaN	NaN	NaN	NaN	NaN
3.3300	NaN	-9999990	NaN	-9999990	-9999990	-9999990	-9999990	NaN	NaN	NaN	NaN	NaN	NaN	NaN	NaN	NaN	NaN	NaN	NaN
3.3400	NaN	-9999990	NaN	-9999990	-9999990	-9999990	-9999990	NaN	NaN	NaN	NaN	NaN	NaN	NaN	NaN	NaN	NaN	NaN	NaN
3.3500	NaN	-9999990	NaN	-9999990	-9999990	-9999990	-9999990	NaN	NaN	NaN	NaN	NaN	NaN	NaN	NaN	NaN	NaN	NaN	NaN
3.3600	NaN	-9999990	NaN	-9999990	-9999990	-9999990	-9999990	NaN	NaN	NaN	NaN	NaN	NaN	NaN	NaN	NaN	NaN	NaN	NaN
3.3700	NaN	-9999990	NaN	-9999990	-9999990	-9999990	-9999990	NaN	NaN	NaN	NaN	NaN	NaN	NaN	NaN	NaN	NaN	NaN	NaN
3.3800	NaN	-9999990	NaN	-9999990	-9999990	-9999990	-9999990	NaN	NaN	NaN	NaN	NaN	NaN	NaN	NaN	NaN	NaN	NaN	NaN
3.3900	NaN	-9999990	NaN	-9999990	-9999990	-9999990	-9999990	NaN	NaN	NaN	NaN	NaN	NaN	NaN	NaN	NaN	NaN	NaN	NaN
3.4000	NaN	-9999990	NaN	-9999990	-9999990	-9999990	-9999990	NaN	NaN	NaN	NaN	NaN	NaN	NaN	NaN	NaN	NaN	NaN	NaN
3.4100	NaN	-9999990	NaN	-9999990	-9999990	-9999990	-9999990	NaN	NaN	NaN	NaN	NaN	NaN	NaN	NaN	NaN	NaN	NaN	NaN
3.4200	NaN	-9999990	NaN	-9999990	-9999990	-9999990	-9999990	NaN	NaN	NaN	NaN	NaN	NaN	NaN	NaN	NaN	NaN	NaN	NaN
3.4300	NaN	-9999990	NaN	-9999990	-9999990	-9999990	-9999990	NaN	NaN	NaN	NaN	NaN	NaN	NaN	NaN	NaN	NaN	NaN	NaN
3.4400	NaN	-9999990	NaN	-9999990	-9999990	-9999990	-9999990	NaN	NaN	NaN	NaN	NaN	NaN	NaN	NaN	NaN	NaN	NaN	NaN
3.4500	NaN	-9999990	NaN	-9999990	-9999990	-9999990	-9999990	NaN	NaN	NaN	NaN	NaN	NaN	NaN	NaN	NaN	NaN	NaN	NaN
3.4600	NaN	-9999990	NaN	-9999990	-9999990	-9999990	-9999990	NaN	NaN	NaN	NaN	NaN	NaN	NaN	NaN	NaN	NaN	NaN	NaN
3.4700	NaN	-9999990	NaN	-9999990	-9999990	-9999990	-9999990	NaN	NaN	NaN	NaN	NaN	NaN	NaN	NaN	NaN	NaN	NaN	NaN
3.4800	NaN	-9999990	NaN	-9999990	-9999990	-9999990	-9999990	NaN	NaN	NaN	NaN	NaN	NaN	NaN	NaN	NaN	NaN	NaN	NaN
3.4900	NaN	-9999990	NaN	-9999990	-9999990	-9999990	-9999990	NaN	NaN	NaN	NaN	NaN	NaN	NaN	NaN	NaN	NaN	NaN	NaN
3.5000	NaN	-9999990	NaN	-9999990	-9999990	-9999990	-9999990	NaN	NaN	NaN	NaN	NaN	NaN	NaN	NaN	NaN	NaN	NaN	NaN
3.5100	NaN	-9999990	NaN	-9999990	-9999990	-9999990	-9999990	NaN	NaN	NaN	NaN	NaN	NaN	NaN	NaN	NaN	NaN	NaN	NaN
3.5200	NaN	-9999990	NaN	-9999990	-9999990	-9999990	-9999990	NaN	NaN	NaN	NaN	NaN	NaN	NaN	NaN	NaN	NaN	NaN	NaN
3.5300	NaN	-9999990	NaN	-9999990	-9999990	-9999990	-9999990	NaN	NaN	NaN	NaN	NaN	NaN	NaN	NaN	NaN	NaN	NaN	NaN
3.5400	NaN	-9999990	NaN	-9999990	-9999990	-9999990	-9999990	NaN	NaN	NaN	NaN	NaN	NaN	NaN	NaN	NaN	NaN	NaN	NaN
3.5500	NaN	-9999990	NaN	-9999990	-9999990	-9999990	-9999990	NaN	NaN	NaN	NaN	NaN	NaN	NaN	NaN	NaN	NaN	NaN	NaN
3.5600	NaN	-9999990	NaN	-9999990	-9999990	-9999990	-9999990	NaN	NaN	NaN	NaN	NaN	NaN	NaN	NaN	NaN	NaN	NaN	NaN
3.5700	NaN	-9999990	NaN	-9999990	-9999990	-9999990	-9999990	NaN	NaN	NaN	NaN	NaN	NaN	NaN	NaN	NaN	NaN	NaN	NaN
3.5800	NaN	-9999990	NaN	-9999990	-9999990	-9999990	-9999990	NaN	NaN	NaN	NaN	NaN	NaN	NaN	NaN	NaN	NaN	NaN	NaN
3.5900	NaN	-9999990	NaN	-9999990	-9999990	-9999990	-9999990	NaN	NaN	NaN	NaN	NaN	NaN	NaN	NaN	NaN	NaN	NaN	NaN
3.6000	NaN	-9999990	NaN	-9999990	-9999990	-9999990	-9999990	NaN	NaN	NaN	NaN	NaN	NaN	NaN	NaN	NaN	NaN	NaN	NaN
3.6100	NaN	-9999990	NaN	-9999990	-9999990	-9999990	-9999990	NaN	NaN	NaN	NaN	NaN	NaN	NaN	NaN	NaN	NaN	NaN	NaN
3.6200	NaN	-9999990	NaN	-9999990	-9999990	-9999990	-9999990	NaN	NaN	NaN	NaN	NaN	NaN	NaN	NaN	NaN	NaN	NaN	NaN
3.6300	NaN	-9999990	NaN	-9999990	-9999990	-9999990	-9999990	NaN	NaN	NaN	NaN	NaN	NaN	NaN	NaN	NaN	NaN	NaN	NaN
3.6400	NaN	-9999990	NaN	-9999990	-9999990	-9999990	-9999990	NaN	NaN	NaN	NaN	NaN	NaN	NaN	NaN	NaN	NaN	NaN	NaN
3.6500	NaN	-9999990	NaN	-9999990	-9999990	-9999990	-9999990	NaN	NaN	NaN	NaN	NaN	NaN	NaN	NaN	NaN	NaN	NaN	NaN
3.6600	NaN	-9999990	NaN	-9999990	-9999990	-9999990	-9999990	NaN	NaN	NaN	NaN	NaN	NaN	NaN	NaN	NaN	NaN	NaN	NaN
3.6700	NaN	-9999990	NaN	-9999990	-9999990	-9999990	-9999990	NaN	NaN	NaN	NaN	NaN	NaN	NaN	NaN	NaN	NaN	NaN	NaN
3.6800	NaN	-9999990	NaN	-9999990	-9999990	-9999990	-9999990	NaN	NaN	NaN	NaN	NaN	NaN	NaN	NaN	NaN	NaN	NaN	NaN
3.6900	NaN	-9999990	NaN	-9999990	-9999990	-9999990	-9999990	NaN	NaN	NaN	NaN	NaN	NaN	NaN	NaN	NaN	NaN	NaN	NaN
3.7000	NaN	-9999990	NaN	-9999990	-9999990	-9999990	-9999990	NaN	NaN	NaN	NaN	NaN	NaN	NaN	NaN	NaN	NaN	NaN	NaN
3.7100	NaN	-9999990	NaN	-9999990	-9999990	-9999990	-9999990	NaN	NaN	NaN	NaN	NaN	NaN	NaN	NaN	NaN	NaN	NaN	NaN
3.7200	NaN	-9999990	NaN	-9999990	-9999990	-9999990	-9999990	NaN	NaN	NaN	NaN	NaN	NaN	NaN	NaN	NaN	NaN	NaN	NaN
3.7300	NaN	-9999990	NaN	-9999990	-9999990	-9999990	-9999990	NaN	NaN	NaN	NaN	NaN	NaN	NaN	NaN	NaN	NaN	NaN	NaN
3.7400	NaN	-9999990	NaN	-9999990	-9999990	-9999990	-9999990	NaN	NaN	NaN	NaN	NaN	NaN	NaN	NaN	NaN	NaN	NaN	NaN
3.7500	NaN	-9999990	NaN	-9999990	-9999990	-9999990	-9999990	NaN	NaN	NaN	NaN	NaN	NaN	NaN	NaN	NaN	NaN	NaN	NaN
3.7600	NaN	-9999990	NaN	-9999990	-9999990	-9999990	-9999990	NaN	NaN	NaN	NaN	NaN	NaN	NaN	NaN	NaN	NaN	NaN	NaN
3.7700	NaN	-9999990	NaN	-9999990	-9999990	-9999990	-9999990	NaN	NaN	NaN	NaN	NaN	NaN	NaN	NaN	NaN	NaN	NaN	NaN
3.7800	NaN	-9999990	NaN	-9999990	-9999990	-9999990	-9999990	NaN	NaN	NaN	NaN	NaN	NaN	NaN	NaN	NaN	NaN	NaN	NaN
3.7900	NaN	-9999990	NaN	-9999990	-9999990	-9999990	-9999990	NaN	NaN	NaN	NaN	NaN	NaN	NaN	NaN	NaN	NaN	NaN	NaN
3.8000	NaN	-9999990	NaN	-9999990	-9999990	-9999990	-9999990	NaN	NaN	NaN	NaN	NaN	NaN	NaN	NaN	NaN	NaN	NaN	NaN
3.8100	NaN	-9999990	NaN	-9999990	-9999990	-9999990	-9999990	NaN	NaN	NaN	NaN	NaN	NaN	NaN	NaN	NaN	NaN	NaN	NaN
3.8200	NaN	-9999990	NaN	-9999990	-9999990	-9999990	-9999990	NaN	NaN	NaN	NaN	NaN	NaN	NaN	NaN	NaN	NaN	NaN	NaN
3.8300	NaN	-9999990	NaN	-9999990	-9999990	-9999990	-9999990	NaN	NaN	NaN	NaN	NaN	NaN	NaN	NaN	NaN	NaN	NaN	NaN
3.8400	NaN	-9999990	NaN	-9999990	-9999990	-9999990	-9999990	NaN	NaN	NaN	NaN	NaN	NaN	NaN	NaN	NaN	NaN	NaN	NaN
3.8500	NaN	-9999990	NaN	-9999990	-9999990	-9999990	-9999990	NaN	NaN	NaN	NaN	NaN	NaN	NaN	NaN	NaN	NaN	NaN	NaN
3.8600	NaN	-9999990	NaN	-9999990	-9999990	-9999990	-9999990	NaN	NaN	NaN	NaN	NaN	NaN	NaN	NaN	NaN	NaN	NaN	NaN
3.8700	NaN	-9999990	NaN	-9999990	-9999990	-9999990	-9999990	NaN	NaN	NaN	NaN	NaN	NaN	NaN	NaN	NaN	NaN	NaN	NaN
3.8800	NaN	-9999990	NaN	-9999990	-9999990	-9999990	-9999990	NaN	NaN	NaN	NaN	NaN	NaN	NaN	NaN	NaN	NaN	NaN	NaN
3.8900	NaN	-9999990	NaN	-9999990	-9999990	-9999990	-9999990	NaN	NaN	NaN	NaN	NaN	NaN	NaN	NaN	NaN	NaN	NaN	NaN
3.9000	NaN	-9999990	NaN	-9999990	-9999990	-9999990	-9999990	NaN	NaN	NaN	NaN	NaN	NaN	NaN	NaN	NaN	NaN	NaN	NaN
3.9100	NaN	-9999990	NaN	-9999990	-9999990	-9999990	-9999990	NaN	NaN	NaN	NaN	NaN	NaN	NaN	NaN	NaN	NaN	NaN	NaN
3.9200	NaN	-9999990	NaN	-9999990	-9999990	-9999990	-9999990	NaN	NaN	NaN	NaN	NaN	NaN	NaN	NaN	NaN	NaN	NaN	NaN
3.9300	NaN	-9999990	NaN	-9999990	-9999990	-9999990	-9999990	NaN	NaN	NaN	NaN	NaN	NaN	NaN	NaN	NaN	NaN	NaN	NaN
3.9400	NaN	-9999990	NaN	-9999990	-9999990	-9999990	-9999990	NaN	NaN	NaN	NaN	NaN	NaN	NaN	NaN	NaN	NaN	NaN	NaN
3.9500	NaN	-9999990	NaN	-9999990	-9999990	-9999990	-9999990	NaN	NaN	NaN	NaN	NaN	NaN	NaN	NaN	NaN	NaN	NaN	NaN
3.9600	NaN	-9999990	NaN	-9999990	-9999990	-9999990	-9999990	NaN	NaN	NaN	NaN	NaN	NaN	NaN	NaN	NaN	NaN	NaN	NaN
3.9700	NaN	-9999990	NaN	-9999990	-9999990	-9999990	-9999990	NaN	NaN	NaN	NaN	NaN	NaN	NaN	NaN	NaN	NaN	NaN	NaN
3.9800	NaN	-9999990	NaN	-9999990	-9999990	-9999990	-9999990	NaN	NaN	NaN	NaN	NaN	NaN	NaN	NaN	NaN	NaN	NaN	NaN
3.9900	NaN	-9999990	NaN	-9999990	-9999990	-9999990	-9999990	NaN	NaN	NaN	NaN	NaN	NaN	NaN	NaN	NaN	NaN	NaN	NaN
4.0000	NaN	-9999990	NaN	-9999990	-9999990	-9999990	-9999990	NaN	NaN	NaN	NaN	NaN	NaN	NaN	NaN	NaN	NaN	NaN	NaN
4.0100	NaN	-9999990	NaN	-9999990	-9999990	-9999990	-9999990	NaN	NaN	NaN	NaN	NaN	NaN	NaN	NaN	NaN	NaN	NaN	NaN
4.0200	NaN	-9999990	NaN	-9999990	-9999990	-9999990	-9999990	NaN	NaN	NaN	NaN	NaN	NaN	NaN	NaN	NaN	NaN	NaN	NaN
4.0300	NaN	-9999990	NaN	-9999990	-9999990	-9999990	-9999990	NaN	NaN	NaN	NaN	NaN	NaN	NaN	NaN	NaN	NaN	NaN	NaN
4.0400	NaN	-9999990	NaN	-9999990	-9999990	-9999990	-9999990	NaN	NaN	NaN	NaN	NaN	NaN	NaN	NaN	NaN	NaN	NaN	NaN
4.0500	NaN	-9999990	NaN	-9999990	-9999990	-9999990	-9999990	NaN	NaN	NaN	NaN	NaN	NaN	NaN	NaN	NaN	NaN	NaN	NaN
4.0600	NaN	-9999990	NaN	-9999990	-9999990	-9999990	-9999990	NaN	NaN	NaN	NaN	NaN	NaN	NaN	NaN	NaN	NaN	NaN	NaN
4.0700	NaN	-9999990	NaN	-9999990	-9999990	-9999990	-9999990	NaN	NaN	NaN	NaN	NaN	NaN	NaN	NaN	NaN	NaN	NaN	NaN
4.0800	NaN	-9999990	NaN	-9999990	-9999990	-9999990	-9999990	NaN	NaN	NaN	NaN	NaN	NaN	NaN	NaN	NaN	NaN	NaN	NaN
4.0900	NaN	-9999990	NaN	-9999990	-9999990	-9999990	-9999990	NaN	NaN	NaN	NaN	NaN	NaN	NaN	NaN	NaN	NaN	NaN	NaN
4.1000	NaN	-9999990	NaN	-9999990	-9999990	-9999990	-9999990	NaN	NaN	NaN	NaN	NaN	NaN	NaN	NaN	NaN	NaN	NaN	NaN
4.1100	NaN	-9999990	NaN	-9999990	-9999990	-9999990	-9999990	NaN	NaN	NaN	NaN	NaN	NaN	NaN	NaN	NaN	NaN	NaN	NaN
4.1200	NaN	-9999990	NaN	-9999990	-9999990	-9999990	-9999990	NaN	NaN	NaN	NaN	NaN	NaN	NaN	NaN	NaN	NaN	NaN	NaN
4.1300	NaN	-9999990	NaN	-9999990	-9999990	-9999990	-9999990	NaN	NaN	NaN	NaN	NaN	NaN	NaN	NaN	NaN	NaN	NaN	NaN
4.1400	NaN	-9999990	NaN	-9999990	-9999990	-9999990	-9999990	NaN	NaN	NaN	NaN	NaN	NaN	NaN	NaN	NaN	NaN	NaN	NaN
4.1500	NaN	-9999990	NaN	-9999990	-9999990	-9999990	-9999990	NaN	NaN	NaN	NaN	NaN	NaN	NaN	NaN	NaN	NaN	NaN	NaN
4.1600	NaN	-9999990	NaN	-9999990	-9999990	-9999990	-9999990	NaN	NaN	NaN	NaN	NaN	NaN	NaN	NaN	NaN	NaN	NaN	NaN
4.1700	NaN	-9999990	NaN	-9999990	-9999990	-9999990	-9999990	NaN	NaN	NaN	NaN	NaN	NaN	NaN	NaN	NaN	NaN	NaN	NaN
4.1800	NaN	-9999990	NaN	-9999990	-9999990	-9999990	-9999990	NaN	NaN	NaN	NaN	NaN	NaN	NaN	NaN	NaN	NaN	NaN	NaN
4.1900	NaN	-9999990	NaN	-9999990	-9999990	-9999990	-9999990	NaN	NaN	NaN	NaN	NaN	NaN	NaN	NaN	NaN	NaN	NaN	NaN
4.2000	NaN	-9999990	NaN	-9999990	-9999990	-9999990	-9999990	NaN	NaN	NaN	NaN	NaN	NaN	NaN	NaN	NaN	NaN	NaN	NaN
4.2100	NaN	-9999990	NaN	-9999990	-9999990	-9999990	-9999990	NaN	NaN	NaN	NaN	NaN	NaN	NaN	NaN	NaN	NaN	NaN	NaN
4.2200	NaN	-9999990	NaN	-9999990	-9999990	-9999990	-9999990	NaN	NaN	NaN	NaN	NaN	NaN	NaN	NaN	NaN	NaN	NaN	NaN
4.2300	NaN	-9999990	NaN	-9999990	-9999990	-9999990	-9999990	NaN	NaN	NaN	NaN	NaN	NaN	NaN	NaN	NaN	NaN	NaN	NaN
4.2400	NaN	-9999990	NaN	-9999990	-9999990	-9999990	-9999990	NaN	NaN	NaN	NaN	NaN	NaN	NaN	NaN	NaN	NaN	NaN	NaN
4.2500	NaN	-9999990	NaN	-9999990	-9999990	-9999990	-9999990	NaN	NaN	NaN	NaN	NaN	NaN	NaN	NaN	NaN	NaN	NaN	NaN
4.2600	NaN	-9999990	NaN	-9999990	-9999990	-9999990	-9999990	NaN	NaN	NaN	NaN	NaN	NaN	NaN	NaN	NaN	NaN	NaN	NaN
4.2700	NaN	-9999990	NaN	-9999990	-9999990	-9999990	-9999990	NaN	NaN	NaN	NaN	NaN	NaN	NaN	NaN	NaN	NaN	NaN	NaN
4.2800	NaN	-9999990	NaN	-9999990	-9999990	-9999990	-9999990	NaN	NaN	NaN	NaN	NaN	NaN	NaN	NaN	NaN	NaN	NaN	NaN
4.2900	NaN	-9999990	NaN	-9999990	-9999990	-9999990	-9999990	NaN	NaN	NaN	NaN	NaN	NaN	NaN	NaN	NaN	NaN	NaN	NaN
4.3000	NaN	-9999990	NaN	-9999990	-9999990	-9999990	-9999990	NaN	NaN	NaN	NaN	NaN	NaN	NaN	NaN	NaN	NaN	NaN	NaN
4.3100	NaN	-9999990	NaN	-9999990	-9999990	-9999990	-9999990	NaN	NaN	NaN	NaN	NaN	NaN	NaN	NaN	NaN	NaN	NaN	NaN
4.3200	NaN	-9999990	NaN	-9999990	-9999990	-9999990	-9999990	NaN	NaN	NaN	NaN	NaN	NaN	NaN	NaN	NaN	NaN	NaN	NaN
4.3300	NaN	-9999990	NaN	-9999990	-9999990	-9999990	-9999990	NaN	NaN	NaN	NaN	NaN	NaN	NaN	NaN	NaN	NaN	NaN	NaN
4.3400	NaN	-9999990	NaN	-9999990	-9999990	-9999990	-9999990	NaN	NaN	NaN	NaN	NaN	NaN	NaN	NaN	NaN	NaN	NaN	NaN
4.3500	NaN	-9999990	NaN	-9999990	-9999990	-9999990	-9999990	NaN	NaN	NaN	NaN	NaN	NaN	NaN	NaN	NaN	NaN	NaN	NaN
4.3600	NaN	-9999990	NaN	-9999990	-9999990	-9999990	-9999990	NaN	NaN	NaN	NaN	NaN	NaN	NaN	NaN	NaN	NaN	NaN	NaN
4.3700	NaN	-9999990	NaN	-9999990	-9999990	-9999990	-9999990	NaN	NaN	NaN	NaN	NaN	NaN	NaN	NaN	NaN	NaN	NaN	NaN
4.3800	NaN	-9999990	NaN	-9999990	-9999990	-9999990	-9999990	NaN	NaN	NaN	NaN	NaN	NaN	NaN	NaN	NaN	NaN	NaN	NaN
4.3900	NaN	-9999990	NaN	-9999990	-9999990	-9999990	-9999990	NaN	NaN	NaN	NaN	NaN	NaN	NaN	NaN	NaN	NaN	NaN	NaN
4.4000	NaN	-9999990	NaN	-9999990	-9999990	-9999990	-9999990	NaN	NaN	NaN	NaN	NaN	NaN	NaN	NaN	NaN	NaN	NaN	NaN
4.4100	NaN	-9999990	NaN	-9999990	-9999990	-9999990	-9999990	NaN	NaN	NaN	NaN	NaN	NaN	NaN	NaN	NaN	NaN	NaN	NaN
4.4200	NaN	-9999990	NaN	-9999990	-9999990	-9999990	-9999990	NaN	NaN	NaN	NaN	NaN	NaN	NaN	NaN	NaN	NaN	NaN	NaN
4.4300	NaN	-9999990	NaN	-9999990	-9999990	-9999990	-9999990	NaN	NaN	NaN	NaN	NaN	NaN	NaN	NaN	NaN	NaN	NaN	NaN
4.4400	NaN	-9999990	NaN	-9999990	-9999990	-9999990	-9999990	NaN	NaN	NaN	NaN	NaN	NaN	NaN	NaN	NaN	NaN	NaN	NaN
4.4500	NaN	-9999990	NaN	-9999990	-9999990	-9999990	-9999990	NaN	NaN	NaN	NaN	NaN	NaN	NaN	NaN	NaN	NaN	NaN	NaN
4.4600	NaN	-9999990	NaN	-9999990	-9999990	-9999990	-9999990	NaN	NaN	NaN	NaN	NaN	NaN	NaN	NaN	NaN	NaN	NaN	NaN
4.4700	NaN	-9999990	NaN	-9999990	-9999990	-9999990	-9999990	NaN	NaN	NaN	NaN	NaN	NaN	NaN	NaN	NaN	NaN	NaN	NaN
4.4800	NaN	-9999990	NaN	-9999990	-9999990	-9999990	-9999990	NaN	NaN	NaN	NaN	NaN	NaN	NaN	NaN	NaN	NaN	NaN	NaN
4.4900	NaN	-9999990	NaN	-9999990	-9999990	-9999990	-9999990	NaN	NaN	NaN	NaN	NaN	NaN	NaN	NaN	NaN	NaN	NaN	NaN
4.5000	NaN	-9999990	NaN	-9999990	-9999990	-9999990	-9999990	NaN	NaN	NaN	NaN	NaN	NaN	NaN	NaN	NaN	NaN	NaN	NaN
4.5100	NaN	-9999990	NaN	-9999990	-9999990	-9999990	-9999990	NaN	NaN	NaN	NaN	NaN	NaN	NaN	NaN	NaN	NaN	NaN	NaN
4.5200	NaN	-9999990	NaN	-9999990	-9999990	-9999990	-9999990	NaN	NaN	NaN	NaN	NaN	NaN	NaN	NaN	NaN	NaN	NaN	NaN
4.5300	NaN	-9999990	NaN	-9999990	-9999990	-9999990	-9999990	NaN	NaN	NaN	NaN	NaN	NaN	NaN	NaN	NaN	NaN	NaN	NaN
4.5400	NaN	-9999990	NaN	-9999990	-9999990	-9999990	-9999990	NaN	NaN	NaN	NaN	NaN	NaN	NaN	NaN	NaN	NaN	NaN	NaN
4.5500	NaN	-9999990	NaN	-9999990	-9999990	-9999990	-9999990	NaN	NaN	NaN	NaN	NaN	NaN	NaN	NaN	NaN	NaN	NaN	NaN
4.5600	NaN	-9999990	NaN	-9999990	-9999990	-9999990	-9999990	NaN	NaN	NaN	NaN	NaN	NaN	NaN	NaN	NaN	NaN	NaN	NaN
4.5700	NaN	-9999990	NaN	-9999990	-9999990	-9999990	-9999990	NaN	NaN	NaN	NaN	NaN	NaN	NaN	NaN	NaN	NaN	NaN	NaN
4.5800	NaN	-9999990	NaN	-9999990	-9999990	-9999990	-9999990	NaN	NaN	NaN	NaN	NaN	NaN	NaN	NaN	NaN	NaN	NaN	NaN
4.5900	NaN	-9999990	NaN	-9999990	-9999990	-9999990	-9999990	NaN	NaN	NaN	NaN	NaN	NaN	NaN	NaN	NaN	NaN	NaN	NaN
4.6000	NaN	-9999990	NaN	-9999990	-9999990	-9999990	-9999990	NaN	NaN	NaN	NaN	NaN	NaN	NaN	NaN	NaN	NaN	NaN	NaN
4.6100	NaN	-9999990	NaN	-9999990	-9999990	-9999990	-9999990	NaN	NaN	NaN	NaN	NaN	NaN	NaN	NaN	NaN	NaN	NaN	NaN
4.6200	NaN	-9999990	NaN	-9999990	-9999990	-9999990	-9999990	NaN	NaN	NaN	NaN	NaN	NaN	NaN	NaN	NaN	NaN	NaN	NaN
4.6300	NaN	-9999990	NaN	-9999990	-9999990	-9999990	-9999990	NaN	NaN	NaN	NaN	NaN	NaN	NaN	NaN	NaN	NaN	NaN	NaN
4.6400	NaN	-9999990	NaN	-9999990	-9999990	-9999990	-9999990	NaN	NaN	NaN	NaN	NaN	NaN	NaN	NaN	NaN	NaN	NaN	NaN
4.6500	NaN	-9999990	NaN	-9999990	-9999990	-9999990	-9999990	NaN	NaN	NaN	NaN	NaN	NaN	NaN	NaN	NaN	NaN	NaN	NaN
4.6600	NaN	-9999990	NaN	-9999990	-9999990	-9999990	-9999990	NaN	NaN	NaN	NaN	NaN	NaN	NaN	NaN	NaN	NaN	NaN	NaN
4.6700	NaN	-9999990	NaN	-9999990	-9999990	-9999990	-9999990	NaN	NaN	NaN	NaN	NaN	NaN	NaN	NaN	NaN	NaN	NaN	NaN
4.6800	NaN	-9999990	NaN	-9999990	-9999990	-9999990	-9999990	NaN	NaN	NaN	NaN	NaN	NaN	NaN	NaN	NaN	NaN	NaN	NaN
4.6900	NaN	-9999990	NaN	-9999990	-9999990	-9999990	-9999990	NaN	NaN	NaN	NaN	NaN	NaN	NaN	NaN	NaN	NaN	NaN	NaN
4.7000	NaN	-9999990	NaN	-9999990	-9999990	-9999990	-9999990	NaN	NaN	NaN	NaN	NaN	NaN	NaN	NaN	NaN	NaN	NaN	NaN
4.7100	NaN	-9999990	NaN	-9999990	-9999990	-9999990	-9999990	NaN	NaN	NaN	NaN	NaN	NaN	NaN	NaN	NaN	NaN	NaN	NaN
4.7200	NaN	-9999990	NaN	-9999990	-9999990	-9999990	-9999990	NaN	NaN	NaN	NaN	NaN	NaN	NaN	NaN	NaN	NaN	NaN	NaN
4.7300	NaN	-9999990	NaN	-9999990	-9999990	-9999990	-9999990	NaN	NaN	NaN	NaN	NaN	NaN	NaN	NaN	NaN	NaN	NaN	NaN
4.7400	NaN	-9999990	NaN	-9999990	-9999990	-9999990	-9999990	NaN	NaN	NaN	NaN	NaN	NaN	NaN	NaN	NaN	NaN	NaN	NaN
4.7500	NaN	-9999990	NaN	-9999990	-9999990	-9999990	-9999990	NaN	NaN	NaN	NaN	NaN	NaN	NaN	NaN	NaN	NaN	NaN	NaN
4.7600	NaN	-9999990	NaN	-9999990	-9999990	-9999990	-9999990	NaN	NaN	NaN	NaN	NaN	NaN	NaN	NaN	NaN	NaN	NaN	NaN
4.7700	NaN	-9999990	NaN	-9999990	-9999990	-9999990	-9999990	NaN	NaN	NaN	NaN	NaN	NaN	NaN	NaN	NaN	NaN	NaN	NaN
4.7800	NaN	-9999990	NaN	-9999990	-9999990	-9999990	-9999990	NaN	NaN	NaN	NaN	NaN	NaN	NaN	NaN	NaN	NaN	NaN	NaN
4.7900	NaN	-9999990	NaN	-9999990	-9999990	-9999990	-9999990	NaN	NaN	NaN	NaN	NaN	NaN	NaN	NaN	NaN	NaN	NaN	NaN
4.8000	NaN	-9999990	NaN	-9999990	-9999990	-9999990	-9999990	NaN	NaN	NaN	NaN	NaN	NaN	NaN	NaN	NaN	NaN	NaN	NaN
4.8100	NaN	-9999990	NaN	-9999990	-9999990	-9999990	-9999990	NaN	NaN	NaN	NaN	NaN	NaN	NaN	NaN	NaN	NaN	NaN	NaN
4.8200	NaN	-9999990	NaN	-9999990	-9999990	-9999990	-9999990	NaN	NaN	NaN	NaN	NaN	NaN	NaN	NaN	NaN	NaN	NaN	NaN
4.8300	NaN	-9999990	NaN	-9999990	-9999990	-9999990	-9999990	NaN	NaN	NaN	NaN	NaN	NaN	NaN	NaN	NaN	NaN	NaN	NaN
4.8400	NaN	-9999990	NaN	-9999990	-9999990	-9999990	-9999990	NaN	NaN	NaN	NaN	NaN	NaN	NaN	NaN	NaN	NaN	NaN	NaN
4.8500	NaN	-9999990	NaN	-9999990	-9999990	-9999990	-9999990	NaN	NaN	NaN	NaN	NaN	NaN	NaN	NaN	NaN	NaN	NaN	NaN
4.8600	NaN	-9999990	NaN	-9999990	-9999990	-9999990	-9999990	NaN	NaN	NaN	NaN	NaN	NaN	NaN	NaN	NaN	NaN	NaN	NaN
4.8700	NaN	-9999990	NaN	-9999990	-9999990	-9999990	-9999990	NaN	NaN	NaN	NaN	NaN	NaN	NaN	NaN	NaN	NaN	NaN	NaN
4.8800	NaN	-9999990	NaN	-9999990	-9999990	-9999990	-9999990	NaN	NaN	NaN	NaN	NaN	NaN	NaN	NaN	NaN	NaN	NaN	NaN
4.8900	NaN	-9999990	NaN	-9999990	-9999990	-9999990	-9999990	NaN	NaN	NaN	NaN	NaN	NaN	NaN	NaN	NaN	NaN	NaN	NaN
4.9000	NaN	-9999990	NaN	-9999990	-9999990	-9999990	-9999990	NaN	NaN	NaN	NaN	NaN	NaN	NaN	NaN	NaN	NaN	NaN	NaN
4.9100	NaN	-9999990	NaN	-9999990	-9999990	-9999990	-9999990	NaN	NaN	NaN	NaN	NaN	NaN	NaN	NaN	NaN	NaN	NaN	NaN
4.9200	NaN	-9999990	NaN	-9999990	-9999990	-9999990	-9999990	NaN	NaN	NaN	NaN	NaN	NaN	NaN	NaN	NaN	NaN	NaN	NaN
4.9300	NaN	-9999990	NaN	-9999990	-9999990	-9999990	-9999990	NaN	NaN	NaN	NaN	NaN	NaN	NaN	NaN	NaN	NaN	NaN	NaN
4.9400	NaN	-9999990	NaN	-9999990	-9999990	-9999990	-9999990	NaN	NaN	NaN	NaN	NaN	NaN	NaN	NaN	NaN	NaN	NaN	NaN
4.9500	NaN	-9999990	NaN	-9999990	-9999990	-9999990	-9999990	NaN	NaN	NaN	NaN	NaN	NaN	NaN	NaN	NaN	NaN	NaN	NaN
4.9600	NaN	-9999990	NaN	-9999990	-9999990	-9999990	-9999990	NaN	NaN	NaN	NaN	NaN	NaN	NaN	NaN	NaN	NaN	NaN	NaN
4.9700	NaN	-9999990	NaN	-9999990	-9999990	-9999990	-9999990	NaN	NaN	NaN	NaN	NaN	NaN	NaN	NaN	NaN	NaN	NaN	NaN
4.9800	NaN	-9999990	NaN	-9999990	-9999990	-9999990	-9999990	NaN	NaN	NaN	NaN	NaN	NaN	NaN	NaN	NaN	NaN	NaN	NaN
4.9900	NaN	-9999990	NaN	-9999990	-9999990	-9999990	-9999990	NaN	NaN	NaN	NaN	NaN	NaN	NaN	NaN	NaN	NaN	NaN	NaN
5.0000	NaN	-9999990	NaN	-9999990	-9999990	-9999990	-9999990	NaN	NaN	NaN	NaN	NaN	NaN	NaN	NaN	NaN	NaN	NaN	NaN
5.0100	NaN	-9999990	NaN	-9999990	-9999990	-9999990	-9999990	NaN	NaN	NaN	NaN	NaN	NaN	NaN	NaN	NaN	NaN	NaN	NaN
5.0200	NaN	-9999990	NaN	-9999990	-9999990	-9999990	-9999990	NaN	NaN	NaN	NaN	NaN	NaN	NaN	NaN	NaN	NaN	NaN	NaN
5.0300	NaN	-9999990	NaN	-9999990	-9999990	-9999990	-9999990	NaN	NaN	NaN	NaN	NaN	NaN	NaN	NaN	NaN	NaN	NaN	NaN
5.0400	NaN	-9999990	NaN	-9999990	-9999990	-9999990	-9999990	NaN	NaN	NaN	NaN	NaN	NaN	NaN	NaN	NaN	NaN	NaN	NaN
5.0500	NaN	-9999990	NaN	-9999990	-9999990	-9999990	-9999990	NaN	NaN	NaN	NaN	NaN	NaN	NaN	NaN	NaN	NaN	NaN	NaN
5.0600	NaN	-9999990	NaN	-9999990	-9999990	-9999990	-9999990	NaN	NaN	NaN	NaN	NaN	NaN	NaN	NaN	NaN	NaN	NaN	NaN
5.0700	NaN	-9999990	NaN	-9999990	-9999990	-9999990	-9999990	NaN	NaN	NaN	NaN	NaN	NaN	NaN	NaN	NaN	NaN	NaN	NaN
5.0800	NaN	-9999990	NaN	-9999990	-9999990	-9999990	-9999990	NaN	NaN	NaN	NaN	NaN	NaN	NaN	NaN	NaN	NaN	NaN	NaN
5.0900	NaN	-9999990	NaN	-9999990	-9999990	-9999990	-9999990	NaN	NaN	NaN	NaN	NaN	NaN	NaN	NaN	NaN	NaN	NaN	NaN
5.1000	NaN	-9999990	NaN	-9999990	-9999990	-9999990	-9999990	NaN	NaN	NaN	NaN	NaN	NaN	NaN	NaN	NaN	NaN	NaN	NaN
5.1100	NaN	-9999990	NaN	-9999990	-9999990	-9999990	-9999990	NaN	NaN	NaN	NaN	NaN	NaN	NaN	NaN	NaN	NaN	NaN	NaN
5.1200	NaN	-9999990	NaN	-9999990	-9999990	-9999990	-9999990	NaN	NaN	NaN	NaN	NaN	NaN	NaN	NaN	NaN	NaN	NaN	NaN
5.1300	NaN	-9999990	NaN	-9999990	-9999990	-9999990	-9999990	NaN	NaN	NaN	NaN	NaN	NaN	NaN	NaN	NaN	NaN	NaN	NaN
5.1400	NaN	-9999990	NaN	-9999990	-9999990	-9999990	-9999990	NaN	NaN	NaN	NaN	NaN	NaN	NaN	NaN	NaN	NaN	NaN	NaN
5.1500	NaN	-9999990	NaN	-9999990	-9999990	-9999990	-9999990	NaN	NaN	NaN	NaN	NaN	NaN	NaN	NaN	NaN	NaN	NaN	NaN
5.1600	NaN	-9999990	NaN	-9999990	-9999990	-9999990	-9999990	NaN	NaN	NaN	NaN	NaN	NaN	NaN	NaN	NaN	NaN	NaN	NaN
5.1700	NaN	-9999990	NaN	-9999990	-9999990	-9999990	-9999990	NaN	NaN	NaN	NaN	NaN	NaN	NaN	NaN	NaN	NaN	NaN	NaN
5.1800	NaN	-9999990	NaN	-9999990	-9999990	-9999990	-9999990	NaN	NaN	NaN	NaN	NaN	NaN	NaN	NaN	NaN	NaN	NaN	NaN
5.1900	NaN	-9999990	NaN	-9999990	-9999990	-9999990	-9999990	NaN	NaN	NaN	NaN	NaN	NaN	NaN	NaN	NaN	NaN	NaN	NaN
5.2000	NaN	-9999990	NaN	-9999990	-9999990	-9999990	-9999990	NaN	NaN	NaN	NaN	NaN	NaN	NaN	NaN	NaN	NaN	NaN	NaN
5.2100	NaN	-9999990	NaN	-9999990	-9999990	-9999990	-9999990	NaN	NaN	NaN	NaN	NaN	NaN	NaN	NaN	NaN	NaN	NaN	NaN
5.2200	NaN	-9999990	NaN	-9999990	-9999990	-9999990	-9999990	NaN	NaN	NaN	NaN	NaN	NaN	NaN	NaN	NaN	NaN	NaN	NaN
5.2300	NaN	-9999990	NaN	-9999990	-9999990	-9999990	-9999990	NaN	NaN	NaN	NaN	NaN	NaN	NaN	NaN	NaN	NaN	NaN	NaN
5.2400	NaN	-9999990	NaN	-9999990	-9999990	-9999990	-9999990	NaN	NaN	NaN	NaN	NaN	NaN	NaN	NaN	NaN	NaN	NaN	NaN
5.2500	NaN	-9999990	NaN	-9999990	-9999990	-9999990	-9999990	NaN	NaN	NaN	NaN	NaN	NaN	NaN	NaN	NaN	NaN	NaN	NaN
5.2600	NaN	-9999990	NaN	-9999990	-9999990	-9999990	-9999990	NaN	NaN	NaN	NaN	NaN	NaN	NaN	NaN	NaN	NaN	NaN	NaN
5.2700	NaN	-9999990	NaN	-9999990	-9999990	-9999990	-9999990	NaN	NaN	NaN	NaN	NaN	NaN	NaN	NaN	NaN	NaN	NaN	NaN
5.2800	NaN	-9999990	NaN	-9999990	-9999990	-9999990	-9999990	NaN	NaN	NaN	NaN	NaN	NaN	NaN	NaN	NaN	NaN	NaN	NaN
5.2900	NaN	-9999990	NaN	-9999990	-9999990	-9999990	-9999990	NaN	NaN	NaN	NaN	NaN	NaN	NaN	NaN	NaN	NaN	NaN	NaN
5.3000	NaN	-9999990	NaN	-9999990	-9999990	-9999990	-9999990	NaN	NaN	NaN	NaN	NaN	NaN	NaN	NaN	NaN	NaN	NaN	NaN
5.3100	NaN	-9999990	NaN	-9999990	-9999990	-9999990	-9999990	NaN	NaN	NaN	NaN	NaN	NaN	NaN	NaN	NaN	NaN	NaN	NaN
5.3200	NaN	-9999990	NaN	-9999990	-9999990	-9999990	-9999990	NaN	NaN	NaN	NaN	NaN	NaN	NaN	NaN	NaN	NaN	NaN	NaN
5.3300	NaN	-9999990	NaN	-9999990	-9999990	-9999990	-9999990	NaN	NaN	NaN	NaN	NaN	NaN	NaN	NaN	NaN	NaN	NaN	NaN
5.3400	NaN	-9999990	NaN	-9999990	-9999990	-9999990	-9999990	NaN	NaN	NaN	NaN	NaN	NaN	NaN	NaN	NaN	NaN	NaN	NaN
5.3500	NaN	-9999990	NaN	-9999990	-9999990	-9999990	-9999990	NaN	NaN	NaN	NaN	NaN	NaN	NaN	NaN	NaN	NaN	NaN	NaN
5.3600	NaN	-9999990	NaN	-9999990	-9999990	-9999990	-9999990	NaN	NaN	NaN	NaN	NaN	NaN	NaN	NaN	NaN	NaN	NaN	NaN
5.3700	NaN	-9999990	NaN	-9999990	-9999990	-9999990	-9999990	NaN	NaN	NaN	NaN	NaN	NaN	NaN	NaN	NaN	NaN	NaN	NaN
5.3800	NaN	-9999990	NaN	-9999990	-9999990	-9999990	-9999990	NaN	NaN	NaN	NaN	NaN	NaN	NaN	NaN	NaN	NaN	NaN	NaN
5.3900	NaN	-9999990	NaN	-9999990	-9999990	-9999990	-9999990	NaN	NaN	NaN	NaN	NaN	NaN	NaN	NaN	NaN	NaN	NaN	NaN
5.4000	NaN	-9999990	NaN	-9999990	-9999990	-9999990	-9999990	NaN	NaN	NaN	NaN	NaN	NaN	NaN	NaN	NaN	NaN	NaN	NaN
5.4100	NaN	-9999990	NaN	-9999990	-9999990	-9999990	-9999990	NaN	NaN	NaN	NaN	NaN	NaN	NaN	NaN	NaN	NaN	NaN	NaN
5.4200	NaN	-9999990	NaN	-9999990	-9999990	-9999990	-9999990	NaN	NaN	NaN	NaN	NaN	NaN	NaN	NaN	NaN	NaN	NaN	NaN
5.4300	NaN	-9999990	NaN	-9999990	-9999990	-9999990	-9999990	NaN	NaN	NaN	NaN	NaN	NaN	NaN	NaN	NaN	NaN	NaN	NaN
5.4400	NaN	-9999990	NaN	-9999990	-9999990	-9999990	-9999990	NaN	NaN	NaN	NaN	NaN	NaN	NaN	NaN	NaN	NaN	NaN	NaN
5.4500	NaN	-9999990	NaN	-9999990	-9999990	-9999990	-9999990	NaN	NaN	NaN	NaN	NaN	NaN	NaN	NaN	NaN	NaN	NaN	NaN
5.4600	NaN	-9999990	NaN	-9999990	-9999990	-9999990	-9999990	NaN	NaN	NaN	NaN	NaN	NaN	NaN	NaN	NaN	NaN	NaN	NaN
5.4700	NaN	-9999990	NaN	-9999990	-9999990	-9999990	-9999990	NaN	NaN	NaN	NaN	NaN	NaN	NaN	NaN	NaN	NaN	NaN	NaN
5.4800	NaN	-9999990	NaN	-9999990	-9999990	-9999990	-9999990	NaN	NaN	NaN	NaN	NaN	NaN	NaN	NaN	NaN	NaN	NaN	NaN
5.4900	NaN	-9999990	NaN	-9999990	-9999990	-9999990	-9999990	NaN	NaN	NaN	NaN	NaN	NaN	NaN	NaN	NaN	NaN	NaN	NaN
5.5000	NaN	-9999990	NaN	-9999990	-9999990	-9999990	-9999990	NaN	NaN	NaN	NaN	NaN	NaN	NaN	NaN	NaN	NaN	NaN	NaN
5.5100	NaN	-9999990	NaN	-9999990	-9999990	-9999990	-9999990	NaN	NaN	NaN	NaN	NaN	NaN	NaN	NaN	NaN	NaN	NaN	NaN
5.5200	NaN	-9999990	NaN	-9999990	-9999990	-9999990	-9999990	NaN	NaN	NaN	NaN	NaN	NaN	NaN	NaN	NaN	NaN	NaN	NaN
5.5300	NaN	-9999990	NaN	-9999990	-9999990	-9999990	-9999990	NaN	NaN	NaN	NaN	NaN	NaN	NaN	NaN	NaN	NaN	NaN	NaN
5.5400	NaN	-9999990	NaN	-9999990	-9999990	-9999990	-9999990	NaN	NaN	NaN	NaN	NaN	NaN	NaN	NaN	NaN	NaN	NaN	NaN
5.5500	NaN	-9999990	NaN	-9999990	-9999990	-9999990	-9999990	NaN	NaN	NaN	NaN	NaN	NaN	NaN	NaN	NaN	NaN	NaN	NaN
5.5600	NaN	-9999990	NaN	-9999990	-9999990	-9999990	-9999990	NaN	NaN	NaN	NaN	NaN	NaN	NaN	NaN	NaN	NaN	NaN	NaN
5.5700	NaN	-9999990	NaN	-9999990	-9999990	-9999990	-9999990	NaN	NaN	NaN	NaN	NaN	NaN	NaN	NaN	NaN	NaN	NaN	NaN
5.5800	NaN	-9999990	NaN	-9999990	-9999990	-9999990	-9999990	NaN	NaN	NaN	NaN	NaN	NaN	NaN	NaN	NaN	NaN	NaN	NaN
5.5900	NaN	-9999990	NaN	-9999990	-9999990	-9999990	-9999990	NaN	NaN	NaN	NaN	NaN	NaN	NaN	NaN	NaN	NaN	NaN	NaN
5.6000	NaN	-9999990	NaN	-9999990	-9999990	-9999990	-9999990	NaN	NaN	NaN	NaN	NaN	NaN	NaN	NaN	NaN	NaN	NaN	NaN
5.6100	NaN	-9999990	NaN	-9999990	-9999990	-9999990	-9999990	NaN	NaN	NaN	NaN	NaN	NaN	NaN	NaN	NaN	NaN	NaN	NaN
5.6200	NaN	-9999990	NaN	-9999990	-9999990	-9999990	-9999990	NaN	NaN	NaN	NaN	NaN	NaN	NaN	NaN	NaN	NaN	NaN	NaN
5.6300	NaN	-9999990	NaN	-9999990	-9999990	-9999990	-9999990	NaN	NaN	NaN	NaN	NaN	NaN	NaN	NaN	NaN	NaN	NaN	NaN
5.6400	NaN	-9999990	NaN	-9999990	-9999990	-9999990	-9999990	NaN	NaN	NaN	NaN	NaN	NaN	NaN	NaN	NaN	NaN	NaN	NaN
5.6500	NaN	-9999990	NaN	-9999990	-9999990	-9999990	-9999990	NaN	NaN	NaN	NaN	NaN	NaN	NaN	NaN	NaN	NaN	NaN	NaN
5.6600	NaN	-9999990	NaN	-9999990	-9999990	-9999990	-9999990	NaN	NaN	NaN	NaN	NaN	NaN	NaN	NaN	NaN	NaN	NaN	NaN
5.6700	NaN	-9999990	NaN	-9999990	-9999990	-9999990	-9999990	NaN	NaN	NaN	NaN	NaN	NaN	NaN	NaN	NaN	NaN	NaN	NaN
5.6800	NaN	-9999990	NaN	-9999990	-9999990	-9999990	-9999990	NaN	NaN	NaN	NaN	NaN	NaN	NaN	NaN	NaN	NaN	NaN	NaN
5.6900	NaN	-9999990	NaN	-9999990	-9999990	-9999990	-9999990	NaN	NaN	NaN	NaN	NaN	NaN	NaN	NaN	NaN	NaN	NaN	NaN
5.7000	NaN	-9999990	NaN	-9999990	-9999990	-9999990	-9999990	NaN	NaN	NaN	NaN	NaN	NaN	NaN	NaN	NaN	NaN	NaN	NaN
5.7100	NaN	-9999990	NaN	-9999990	-9999990	-9999990	-9999990	NaN	NaN	NaN	NaN	NaN	NaN	NaN	NaN	NaN	NaN	NaN	NaN
5.7200	NaN	-9999990	NaN	-9999990	-9999990	-9999990	-9999990	NaN	NaN	NaN	NaN	NaN	NaN	NaN	NaN	NaN	NaN	NaN	NaN
5.7300	NaN	-9999990	NaN	-9999990	-9999990	-9999990	-9999990	NaN	NaN	NaN	NaN	NaN	NaN	NaN	NaN	NaN	NaN	NaN	NaN
5.7400	NaN	-9999990	NaN	-9999990	-9999990	-9999990	-9999990	NaN	NaN	NaN	NaN	NaN	NaN	NaN	NaN	NaN	NaN	NaN	NaN
5.7500	NaN	-9999990	NaN	-9999990	-9999990	-9999990	-9999990	NaN	NaN	NaN	NaN	NaN	NaN	NaN	NaN	NaN	NaN	NaN	NaN
5.7600	NaN	-9999990	NaN	-9999990	-9999990	-9999990	-9999990	NaN	NaN	NaN	NaN	NaN	NaN	NaN	NaN	NaN	NaN	NaN	NaN
5.7700	NaN	-9999990	NaN	-9999990	-9999990	-9999990	-9999990	NaN	NaN	NaN	NaN	NaN	NaN	NaN	NaN	NaN	NaN	NaN	NaN
5.7800	NaN	-9999990	NaN	-9999990	-9999990	-9999990	-9999990	NaN	NaN	NaN	NaN	NaN	NaN	NaN	NaN	NaN	NaN	NaN	NaN
5.7900	NaN	-9999990	NaN	-9999990	-9999990	-9999990	-9999990	NaN	NaN	NaN	NaN	NaN	NaN	NaN	NaN	NaN	NaN	NaN	NaN
5.8000	NaN	-9999990	NaN	-9999990	-9999990	-9999990	-9999990	NaN	NaN	NaN	NaN	NaN	NaN	NaN	NaN	NaN	NaN	NaN	NaN
5.8100	NaN	-9999990	NaN	-9999990	-9999990	-9999990	-9999990	NaN	NaN	NaN	NaN	NaN	NaN	NaN	NaN	NaN	NaN	NaN	NaN
5.8200	NaN	-9999990	NaN	-9999990	-9999990	-9999990	-9999990	NaN	NaN	NaN	NaN	NaN	NaN	NaN	NaN	NaN	NaN	NaN	NaN
5.8300	NaN	-9999990	NaN	-9999990	-9999990	-9999990	-9999990	NaN	NaN	NaN	NaN	NaN	NaN	NaN	NaN	NaN	NaN	NaN	NaN
5.8400	NaN	-9999990	NaN	-9999990	-9999990	-9999990	-9999990	NaN	NaN	NaN	NaN	NaN	NaN	NaN	NaN	NaN	NaN	NaN	NaN
5.8500	NaN	-9999990	NaN	-9999990	-9999990	-9999990	-9999990	NaN	NaN	NaN	NaN	NaN	NaN	NaN	NaN	NaN	NaN	NaN	NaN
5.8600	NaN	-9999990	NaN	-9999990	-9999990	-9999990	-9999990	NaN	NaN	NaN	NaN	NaN	NaN	NaN	NaN	NaN	NaN	NaN	NaN
5.8700	NaN	-9999990	NaN	-9999990	-9999990	-9999990	-9999990	NaN	NaN	NaN	NaN	NaN	NaN	NaN	NaN	NaN	NaN	NaN	NaN
5.8800	NaN	-9999990	NaN	-9999990	-9999990	-9999990	-9999990	NaN	NaN	NaN	NaN	NaN	NaN	NaN	NaN	NaN	NaN	NaN	NaN
5.8900	NaN	-9999990	NaN	-9999990	-9999990	-9999990	-9999990	NaN	NaN	NaN	NaN	NaN	NaN	NaN	NaN	NaN	NaN	NaN	NaN
5.9000	NaN	-9999990	NaN	-9999990	-9999990	-9999990	-9999990	NaN	NaN	NaN	NaN	NaN	NaN	NaN	NaN	NaN	NaN	NaN	NaN
5.9100	NaN	-9999990	NaN	-9999990	-9999990	-9999990	-9999990	NaN	NaN	NaN	NaN	NaN	NaN	NaN	NaN	NaN	NaN	NaN	NaN
5.9200	NaN	-9999990	NaN	-9999990	-9999990	-9999990	-9999990	NaN	NaN	NaN	NaN	NaN	NaN	NaN	NaN	NaN	NaN	NaN	NaN
5.9300	NaN	-9999990	NaN	-9999990	-9999990	-9999990	-9999990	NaN	NaN	NaN	NaN	NaN	NaN	NaN	NaN	NaN	NaN	NaN	NaN
5.9400	NaN	-9999990	NaN	-9999990	-9999990	-9999990	-9999990	NaN	NaN	NaN	NaN	NaN	NaN	NaN	NaN	NaN	NaN	NaN	NaN
5.9500	NaN	-9999990	NaN	-9999990	-9999990	-9999990	-9999990	NaN	NaN	NaN	NaN	NaN	NaN	NaN	NaN	NaN	NaN	NaN	NaN
5.9600	NaN	-9999990	NaN	-9999990	-9999990	-9999990	-9999990	NaN	NaN	NaN	NaN	NaN	NaN	NaN	NaN	NaN	NaN	NaN	NaN
5.9700	NaN	-9999990	NaN	-9999990	-9999990	-9999990	-9999990	NaN	NaN	NaN	NaN	NaN	NaN	NaN	NaN	NaN	NaN	NaN	NaN
5.9800	NaN	-9999990	NaN	-9999990	-9999990	-9999990	-9999990	NaN	NaN	NaN	NaN	NaN	NaN	NaN	NaN	NaN	NaN	NaN	NaN
5.9900	NaN	-9999990	NaN	-9999990	-9999990	-9999990	-9999990	NaN	NaN	NaN	NaN	NaN	NaN	NaN	NaN	NaN	NaN	NaN	NaN
6.0000	NaN	-9999990	NaN	-9999990	-9999990	-9999990	-9999990	NaN	NaN	NaN	NaN	NaN	NaN	NaN	NaN	NaN	NaN	NaN	NaN
6.0100	NaN	-9999990	NaN	-9999990	-9999990	-9999990	-9999990	NaN	NaN	NaN	NaN	NaN	NaN	NaN	NaN	NaN	NaN	NaN	NaN
6.0200	NaN	-9999990	NaN	-9999990	-9999990	-9999990	-9999990	NaN	NaN	NaN	NaN	NaN	NaN	NaN	NaN	NaN	NaN	NaN	NaN
6.0300	NaN	-9999990	NaN	-9999990	-9999990	-9999990	-9999990	NaN	NaN	NaN	NaN	NaN	NaN	NaN	NaN	NaN	NaN	NaN	NaN
6.0400	NaN	-9999990	NaN	-9999990	-9999990	-9999990	-9999990	NaN	NaN	NaN	NaN	NaN	NaN	NaN	NaN	NaN	NaN	NaN	NaN
6.0500	NaN	-9999990	NaN	-9999990	-9999990	-9999990	-9999990	NaN	NaN	NaN	NaN	NaN	NaN	NaN	NaN	NaN	NaN	NaN	NaN
6.0600	NaN	-9999990	NaN	-9999990	-9999990	-9999990	-9999990	NaN	NaN	NaN	NaN	NaN	NaN	NaN	NaN	NaN	NaN	NaN	NaN
6.0700	NaN	-9999990	NaN	-9999990	-9999990	-9999990	-9999990	NaN	NaN	NaN	NaN	NaN	NaN	NaN	NaN	NaN	NaN	NaN	NaN
6.0800	NaN	-9999990	NaN	-9999990	-9999990	-9999990	-9999990	NaN	NaN	NaN	NaN	NaN	NaN	NaN	NaN	NaN	NaN	NaN	NaN
6.0900	NaN	-9999990	NaN	-9999990	-9999990	-9999990	-9999990	NaN	NaN	NaN	NaN	NaN	NaN	NaN	NaN	NaN	NaN	NaN	NaN
6.1000	NaN	-9999990	NaN	-9999990	-9999990	-9999990	-9999990	NaN	NaN	NaN	NaN	NaN	NaN	NaN	NaN	NaN	NaN	NaN	NaN
6.1100	NaN	-9999990	NaN	-9999990	-9999990	-9999990	-9999990	NaN	NaN	NaN	NaN	NaN	NaN	NaN	NaN	NaN	NaN	NaN	NaN
6.1200	NaN	-9999990	NaN	-9999990	-9999990	-9999990	-9999990	NaN	NaN	NaN	NaN	NaN	NaN	NaN	NaN	NaN	NaN	NaN	NaN
6.1300	NaN	-9999990	NaN	-9999990	-9999990	-9999990	-9999990	NaN	NaN	NaN	NaN	NaN	NaN	NaN	NaN	NaN	NaN	NaN	NaN
6.1400	NaN	-9999990	NaN	-9999990	-9999990	-9999990	-9999990	NaN	NaN	NaN	NaN	NaN	NaN	NaN	NaN	NaN	NaN	NaN	NaN
6.1500	NaN	-9999990	NaN	-9999990	-9999990	-9999990	-9999990	NaN	NaN	NaN	NaN	NaN	NaN	NaN	NaN	NaN	NaN	NaN	NaN
6.1600	NaN	-9999990	NaN	-9999990	-9999990	-9999990	-9999990	NaN	NaN	NaN	NaN	NaN	NaN	NaN	NaN	NaN	NaN	NaN	NaN
6.1700	NaN	-9999990	NaN	-9999990	-9999990	-9999990	-9999990	NaN	NaN	NaN	NaN	NaN	NaN	NaN	NaN	NaN	NaN	NaN	NaN
6.1800	NaN	-9999990	NaN	-9999990	-9999990	-9999990	-9999990	NaN	NaN	NaN	NaN	NaN	NaN	NaN	NaN	NaN	NaN	NaN	NaN
6.1900	NaN	-9999990	NaN	-9999990	-9999990	-9999990	-9999990	NaN	NaN	NaN	NaN	NaN	NaN	NaN	NaN	NaN	NaN	NaN	NaN
6.2000	NaN	-9999990	NaN	-9999990	-9999990	-9999990	-9999990	NaN	NaN	NaN	NaN	NaN	NaN	NaN	NaN	NaN	NaN	NaN	NaN
6.2100	NaN	-9999990	NaN	-9999990	-9999990	-9999990	-9999990	NaN	NaN	NaN	NaN	NaN	NaN	NaN	NaN	NaN	NaN	NaN	NaN
6.2200	NaN	-9999990	NaN	-9999990	-9999990	-9999990	-9999990	NaN	NaN	NaN	NaN	NaN	NaN	NaN	NaN	NaN	NaN	NaN	NaN
6.2300	NaN	-9999990	NaN	-9999990	-9999990	-9999990	-9999990	NaN	NaN	NaN	NaN	NaN	NaN	NaN	NaN	NaN	NaN	NaN	NaN
6.2400	NaN	-9999990	NaN	-9999990	-9999990	-9999990	-9999990	NaN	NaN	NaN	NaN	NaN	NaN	NaN	NaN	NaN	NaN	NaN	NaN
6.2500	NaN	-9999990	NaN	-9999990	-9999990	-9999990	-9999990	NaN	NaN	NaN	NaN	NaN	NaN	NaN	NaN	NaN	NaN	NaN	NaN
6.2600	NaN	-9999990	NaN	-9999990	-9999990	-9999990	-9999990	NaN	NaN	NaN	NaN	NaN	NaN	NaN	NaN	NaN	NaN	NaN	NaN
6.2700	NaN	-9999990	NaN	-9999990	-9999990	-9999990	-9999990	NaN	NaN	NaN	NaN	NaN	NaN	NaN	NaN	NaN	NaN	NaN	NaN
6.2800	NaN	-9999990	NaN	-9999990	-9999990	-9999990	-9999990	NaN	NaN	NaN	NaN	NaN	NaN	NaN	NaN	NaN	NaN	NaN	NaN
6.2900	NaN	-9999990	NaN	-9999990	-9999990	-9999990	-9999990	NaN	NaN	NaN	NaN	NaN	NaN	NaN	NaN	NaN	NaN	NaN	NaN
6.3000	NaN	-9999990	NaN	-9999990	-9999990	-9999990	-9999990	NaN	NaN	NaN	NaN	NaN	NaN	NaN	NaN	NaN	NaN	NaN	NaN
6.3100	NaN	-9999990	NaN	-9999990	-9999990	-9999990	-9999990	NaN	NaN	NaN	NaN	NaN	NaN	NaN	NaN	NaN	NaN	NaN	NaN
6.3200	NaN	-9999990	NaN	-9999990	-9999990	-9999990	-9999990	NaN	NaN	NaN	NaN	NaN	NaN	NaN	NaN	NaN	NaN	NaN	NaN
6.3300	NaN	-9999990	NaN	-9999990	-9999990	-9999990	-9999990	NaN	NaN	NaN	NaN	NaN	NaN	NaN	NaN	NaN	NaN	NaN	NaN
6.3400	NaN	-9999990	NaN	-9999990	-9999990	-9999990	-9999990	NaN	NaN	NaN	NaN	NaN	NaN	NaN	NaN	NaN	NaN	NaN	NaN
6.3500	NaN	-9999990	NaN	-9999990	-9999990	-9999990	-9999990	NaN	NaN	NaN	NaN	NaN	NaN	NaN	NaN	NaN	NaN	NaN	NaN
6.3600	NaN	-9999990	NaN	-9999990	-9999990	-9999990	-9999990	NaN	NaN	NaN	NaN	NaN	NaN	NaN	NaN	NaN	NaN	NaN	NaN
6.3700	NaN	-9999990	NaN	-9999990	-9999990	-9999990	-9999990	NaN	NaN	NaN	NaN	NaN	NaN	NaN	NaN	NaN	NaN	NaN	NaN
6.3800	NaN	-9999990	NaN	-9999990	-9999990	-9999990	-9999990	NaN	NaN	NaN	NaN	NaN	NaN	NaN	NaN	NaN	NaN	NaN	NaN
6.3900	NaN	-9999990	NaN	-9999990	-9999990	-9999990	-9999990	NaN	NaN	NaN	NaN	NaN	NaN	NaN	NaN	NaN	NaN	NaN	NaN
6.4000	NaN	-9999990	NaN	-9999990	-9999990	-9999990	-9999990	NaN	NaN	NaN	NaN	NaN	NaN	NaN	NaN	NaN	NaN	NaN	NaN
6.4100	NaN	-9999990	NaN	-9999990	-9999990	-9999990	-9999990	NaN	NaN	NaN	NaN	NaN	NaN	NaN	NaN	NaN	NaN	NaN	NaN
6.4200	NaN	-9999990	NaN	-9999990	-9999990	-9999990	-9999990	NaN	NaN	NaN	NaN	NaN	NaN	NaN	NaN	NaN	NaN	NaN	NaN
6.4300	NaN	-9999990	NaN	-9999990	-9999990	-9999990	-9999990	NaN	NaN	NaN	NaN	NaN	NaN	NaN	NaN	NaN	NaN	NaN	NaN
6.4400	NaN	-9999990	NaN	-9999990	-9999990	-9999990	-9999990	NaN	NaN	NaN	NaN	NaN	NaN	NaN	NaN	NaN	NaN	NaN	NaN
6.4500	NaN	-9999990	NaN	-9999990	-9999990	-9999990	-9999990	NaN	NaN	NaN	NaN	NaN	NaN	NaN	NaN	NaN	NaN	NaN	NaN
6.4600	NaN	-9999990	NaN	-9999990	-9999990	-9999990	-9999990	NaN	NaN	NaN	NaN	NaN	NaN	NaN	NaN	NaN	NaN	NaN	NaN
6.4700	NaN	-9999990	NaN	-9999990	-9999990	-9999990	-9999990	NaN	NaN	NaN	NaN	NaN	NaN	NaN	NaN	NaN	NaN	NaN	NaN
6.4800	NaN	-9999990	NaN	-9999990	-9999990	-9999990	-9999990	NaN	NaN	NaN	NaN	NaN	NaN	NaN	NaN	NaN	NaN	NaN	NaN
6.4900	NaN	-9999990	NaN	-9999990	-9999990	-9999990	-9999990	NaN	NaN	NaN	NaN	NaN	NaN	NaN	NaN	NaN	NaN	NaN	NaN
6.5000	NaN	-9999990	NaN	-9999990	-9999990	-9999990	-9999990	NaN	NaN	NaN	NaN	NaN	NaN	NaN	NaN	NaN	NaN	NaN	NaN
6.5100	NaN	-9999990	NaN	-9999990	-9999990	-9999990	-9999990	NaN	NaN	NaN	NaN	NaN	NaN	NaN	NaN	NaN	NaN	NaN	NaN
6.5200	NaN	-9999990	NaN	-9999990	-9999990	-9999990	-9999990	NaN	NaN	NaN	NaN	NaN	NaN	NaN	NaN	NaN	NaN	NaN	NaN
6.5300	NaN	-9999990	NaN	-9999990	-9999990	-9999990	-9999990	NaN	NaN	NaN	NaN	NaN	NaN	NaN	NaN	NaN	NaN	NaN	NaN
6.5400	NaN	-9999990	NaN	-9999990	-9999990	-9999990	-9999990	NaN	NaN	NaN	NaN	NaN	NaN	NaN	NaN	NaN	NaN	NaN	NaN
6.5500	NaN	-9999990	NaN	-9999990	-9999990	-9999990	-9999990	NaN	NaN	NaN	NaN	NaN	NaN	NaN	NaN	NaN	NaN	NaN	NaN
6.5600	NaN	-9999990	NaN	-9999990	-9999990	-9999990	-9999990	NaN	NaN	NaN	NaN	NaN	NaN	NaN	NaN	NaN	NaN	NaN	NaN
6.5700	NaN	-9999990	NaN	-9999990	-9999990	-9999990	-9999990	NaN	NaN	NaN	NaN	NaN	NaN	NaN	NaN	NaN	NaN	NaN	NaN
6.5800	NaN	-9999990	NaN	-9999990	-9999990	-9999990	-9999990	NaN	NaN	NaN	NaN	NaN	NaN	NaN	NaN	NaN	NaN	NaN	NaN
6.5900	NaN	-9999990	NaN	-9999990	-9999990	-9999990	-9999990	NaN	NaN	NaN	NaN	NaN	NaN	NaN	NaN	NaN	NaN	NaN	NaN
6.6000	NaN	-9999990	NaN	-9999990	-9999990	-9999990	-9999990	NaN	NaN	NaN	NaN	NaN	NaN	NaN	NaN	NaN	NaN	NaN	NaN
6.6100	NaN	-9999990	NaN	-9999990	-9999990	-9999990	-9999990	NaN	NaN	NaN	NaN	NaN	NaN	NaN	NaN	NaN	NaN	NaN	NaN
6.6200	NaN	-9999990	NaN	-9999990	-9999990	-9999990	-9999990	NaN	NaN	NaN	NaN	NaN	NaN	NaN	NaN	NaN	NaN	NaN	NaN
6.6300	NaN	-9999990	NaN	-9999990	-9999990	-9999990	-9999990	NaN	NaN	NaN	NaN	NaN	NaN	NaN	NaN	NaN	NaN	NaN	NaN
6.6400	NaN	-9999990	NaN	-9999990	-9999990	-9999990	-9999990	NaN	NaN	NaN	NaN	NaN	NaN	NaN	NaN	NaN	NaN	NaN	NaN
6.6500	NaN	-9999990	NaN	-9999990	-9999990	-9999990	-9999990	NaN	NaN	NaN	NaN	NaN	NaN	NaN	NaN	NaN	NaN	NaN	NaN
6.6600	NaN	-9999990	NaN	-9999990	-9999990	-9999990	-9999990	NaN	NaN	NaN	NaN	NaN	NaN	NaN	NaN	NaN	NaN	NaN	NaN
6.6700	NaN	-9999990	NaN	-9999990	-9999990	-9999990	-9999990	NaN	NaN	NaN	NaN	NaN	NaN	NaN	NaN	NaN	NaN	NaN	NaN
6.6800	NaN	-9999990	NaN	-9999990	-9999990	-9999990	-9999990	NaN	NaN	NaN	NaN	NaN	NaN	NaN	NaN	NaN	NaN	NaN	NaN
6.6900	NaN	-9999990	NaN	-9999990	-9999990	-9999990	-9999990	NaN	NaN	NaN	NaN	NaN	NaN	NaN	NaN	NaN	NaN	NaN	NaN
6.7000	NaN	-9999990	NaN	-9999990	-9999990	-9999990	-9999990	NaN	NaN	NaN	NaN	NaN	NaN	NaN	NaN	NaN	NaN	NaN	NaN
6.7100	NaN	-9999990	NaN	-9999990	-9999990	-9999990	-9999990	NaN	NaN	NaN	NaN	NaN	NaN	NaN	NaN	NaN	NaN	NaN	NaN
6.7200	NaN	-9999990	NaN	-9999990	-9999990	-9999990	-9999990	NaN	NaN	NaN	NaN	NaN	NaN	NaN	NaN	NaN	NaN	NaN	NaN
6.7300	NaN	-9999990	NaN	-9999990	-9999990	-9999990	-9999990	NaN	NaN	NaN	NaN	NaN	NaN	NaN	NaN	NaN	NaN	NaN	NaN
6.7400	NaN	-9999990	NaN	-9999990	-9999990	-9999990	-9999990	NaN	NaN	NaN	NaN	NaN	NaN	NaN	NaN	NaN	NaN	NaN	NaN
6.7500	NaN	-9999990	NaN	-9999990	-9999990	-9999990	-9999990	NaN	NaN	NaN	NaN	NaN	NaN	NaN	NaN	NaN	NaN	NaN	NaN
6.7600	NaN	-9999990	NaN	-9999990	-9999990	-9999990	-9999990	NaN	NaN	NaN	NaN	NaN	NaN	NaN	NaN	NaN	NaN	NaN	NaN
6.7700	NaN	-9999990	NaN	-9999990	-9999990	-9999990	-9999990	NaN	NaN	NaN	NaN	NaN	NaN	NaN	NaN	NaN	NaN	NaN	NaN
6.7800	NaN	-9999990	NaN	-9999990	-9999990	-9999990	-9999990	NaN	NaN	NaN	NaN	NaN	NaN	NaN	NaN	NaN	NaN	NaN	NaN
6.7900	NaN	-9999990	NaN	-9999990	-9999990	-9999990	-9999990	NaN	NaN	NaN	NaN	NaN	NaN	NaN	NaN	NaN	NaN	NaN	NaN
6.8000	NaN	-9999990	NaN	-9999990	-9999990	-9999990	-9999990	NaN	NaN	NaN	NaN	NaN	NaN	NaN	NaN	NaN	NaN	NaN	NaN
6.8100	NaN	-9999990	NaN	-9999990	-9999990	-9999990	-9999990	NaN	NaN	NaN	NaN	NaN	NaN	NaN	NaN	NaN	NaN	NaN	NaN
6.8200	NaN	-9999990	NaN	-9999990	-9999990	-9999990	-9999990	NaN	NaN	NaN	NaN	NaN	NaN	NaN	NaN	NaN	NaN	NaN	NaN
6.8300	NaN	-9999990	NaN	-9999990	-9999990	-9999990	-9999990	NaN	NaN	NaN	NaN	NaN	NaN	NaN	NaN	NaN	NaN	NaN	NaN
6.8400	NaN	-9999990	NaN	-9999990	-9999990	-9999990	-9999990	NaN	NaN	NaN	NaN	NaN	NaN	NaN	NaN	NaN	NaN	NaN	NaN
6.8500	NaN	-9999990	NaN	-9999990	-9999990	-9999990	-9999990	NaN	NaN	NaN	NaN	NaN	NaN	NaN	NaN	NaN	NaN	NaN	NaN
6.8600	NaN	-9999990	NaN	-9999990	-9999990	-9999990	-9999990	NaN	NaN	NaN	NaN	NaN	NaN	NaN	NaN	NaN	NaN	NaN	NaN
6.8700	NaN	-9999990	NaN	-9999990	-9999990	-9999990	-9999990	NaN	NaN	NaN	NaN	NaN	NaN	NaN	NaN	NaN	NaN	NaN	NaN
6.8800	NaN	-9999990	NaN	-9999990	-9999990	-9999990	-9999990	NaN	NaN	NaN	NaN	NaN	NaN	NaN	NaN	NaN	NaN	NaN	NaN
6.8900	NaN	-9999990	NaN	-9999990	-9999990	-9999990	-9999990	NaN	NaN	NaN	NaN	NaN	NaN	NaN	NaN	NaN	NaN	NaN	NaN
6.9000	NaN	-9999990	NaN	-9999990	-9999990	-9999990	-9999990	NaN	NaN	NaN	NaN	NaN	NaN	NaN	NaN	NaN	NaN	NaN	NaN
6.9100	NaN	-9999990	NaN	-9999990	-9999990	-9999990	-9999990	NaN	NaN	NaN	NaN	NaN	NaN	NaN	NaN	NaN	NaN	NaN	NaN
6.9200	NaN	-9999990	NaN	-9999990	-9999990	-9999990	-9999990	NaN	NaN	NaN	NaN	NaN	NaN	NaN	NaN	NaN	NaN	NaN	NaN
6.9300	NaN	-9999990	NaN	-9999990	-9999990	-9999990	-9999990	NaN	NaN	NaN	NaN	NaN	NaN	NaN	NaN	NaN	NaN	NaN	NaN
6.9400	NaN	-9999990	NaN	-9999990	-9999990	-9999990	-9999990	NaN	NaN	NaN	NaN	NaN	NaN	NaN	NaN	NaN	NaN	NaN	NaN
6.9500	NaN	-9999990	NaN	-9999990	-9999990	-9999990	-9999990	NaN	NaN	NaN	NaN	NaN	NaN	NaN	NaN	NaN	NaN	NaN	NaN
6.9600	NaN	-9999990	NaN	-9999990	-9999990	-9999990	-9999990	NaN	NaN	NaN	NaN	NaN	NaN	NaN	NaN	NaN	NaN	NaN	NaN
6.9700	NaN	-9999990	NaN	-9999990	-9999990	-9999990	-9999990	NaN	NaN	NaN	NaN	NaN	NaN	NaN	NaN	NaN	NaN	NaN	NaN
6.9800	NaN	-9999990	NaN	-9999990	-9999990	-9999990	-9999990	NaN	NaN	NaN	NaN	NaN	NaN	NaN	NaN	NaN	NaN	NaN	NaN
6.9900	NaN	-9999990	NaN	-9999990	-9999990	-9999990	-9999990	NaN	NaN	NaN	NaN	NaN	NaN	NaN	NaN	NaN	NaN	NaN	NaN
7.0000	NaN	-9999990	NaN	-9999990	-9999990	-9999990	-9999990	NaN	NaN	NaN	NaN	NaN	NaN	NaN	NaN	NaN	NaN	NaN	NaN
7.0100	NaN	-9999990	NaN	-9999990	-9999990	-9999990	-9999990	NaN	NaN	NaN	NaN	NaN	NaN	NaN	NaN	NaN	NaN	NaN	NaN
7.0200	NaN	-9999990	NaN	-9999990	-9999990	-9999990	-9999990	NaN	NaN	NaN	NaN	NaN	NaN	NaN	NaN	NaN	NaN	NaN	NaN
7.0300	NaN	-9999990	NaN	-9999990	-9999990	-9999990	-9999990	NaN	NaN	NaN	NaN	NaN	NaN	NaN	NaN	NaN	NaN	NaN	NaN
7.0400	NaN	-9999990	NaN	-9999990	-9999990	-9999990	-9999990	NaN	NaN	NaN	NaN	NaN	NaN	NaN	NaN	NaN	NaN	NaN	NaN
7.0500	NaN	-9999990	NaN	-9999990	-9999990	-9999990	-9999990	NaN	NaN	NaN	NaN	NaN	NaN	NaN	NaN	NaN	NaN	NaN	NaN
7.0600	NaN	-9999990	NaN	-9999990	-9999990	-9999990	-9999990	NaN	NaN	NaN	NaN	NaN	NaN	NaN	NaN	NaN	NaN	NaN	NaN
7.0700	NaN	-9999990	NaN	-9999990	-9999990	-9999990	-9999990	NaN	NaN	NaN	NaN	NaN	NaN	NaN	NaN	NaN	NaN	NaN	NaN
7.0800	NaN	-9999990	NaN	-9999990	-9999990	-9999990	-9999990	NaN	NaN	NaN	NaN	NaN	NaN	NaN	NaN	NaN	NaN	NaN	NaN
7.0900	NaN	-9999990	NaN	-9999990	-9999990	-9999990	-9999990	NaN	NaN	NaN	NaN	NaN	NaN	NaN	NaN	NaN	NaN	NaN	NaN
7.1000	NaN	-9999990	NaN	-9999990	-9999990	-9999990	-9999990	NaN	NaN	NaN	NaN	NaN	NaN	NaN	NaN	NaN	NaN	NaN	NaN
7.1100	NaN	-9999990	NaN	-9999990	-9999990	-9999990	-9999990	NaN	NaN	NaN	NaN	NaN	NaN	NaN	NaN	NaN	NaN	NaN	NaN
7.1200	NaN	-9999990	NaN	-9999990	-9999990	-9999990	-9999990	NaN	NaN	NaN	NaN	NaN	NaN	NaN	NaN	NaN	NaN	NaN	NaN
7.1300	NaN	-9999990	NaN	-9999990	-9999990	-9999990	-9999990	NaN	NaN	NaN	NaN	NaN	NaN	NaN	NaN	NaN	NaN	NaN	NaN
7.1400	NaN	-9999990	NaN	-9999990	-9999990	-9999990	-9999990	NaN	NaN	NaN	NaN	NaN	NaN	NaN	NaN	NaN	NaN	NaN	NaN
7.1500	NaN	-9999990	NaN	-9999990	-9999990	-9999990	-9999990	NaN	NaN	NaN	NaN	NaN	NaN	NaN	NaN	NaN	NaN	NaN	NaN
7.1600	NaN	-9999990	NaN	-9999990	-9999990	-9999990	-9999990	NaN	NaN	NaN	NaN	NaN	NaN	NaN	NaN	NaN	NaN	NaN	NaN
7.1700	NaN	-9999990	NaN	-9999990	-9999990	-9999990	-9999990	NaN	NaN	NaN	NaN	NaN	NaN	NaN	NaN	NaN	NaN	NaN	NaN
7.1800	NaN	-9999990	NaN	-9999990	-9999990	-9999990	-9999990	NaN	NaN	NaN	NaN	NaN	NaN	NaN	NaN	NaN	NaN	NaN	NaN
7.1900	NaN	-9999990	NaN	-9999990	-9999990	-9999990	-9999990	NaN	NaN	NaN	NaN	NaN	NaN	NaN	NaN	NaN	NaN	NaN	NaN
7.2000	NaN	-9999990	NaN	-9999990	-9999990	-9999990	-9999990	NaN	NaN	NaN	NaN	NaN	NaN	NaN	NaN	NaN	NaN	NaN	NaN
7.2100	NaN	-9999990	NaN	-9999990	-9999990	-9999990	-9999990	NaN	NaN	NaN	NaN	NaN	NaN	NaN	NaN	NaN	NaN	NaN	NaN
7.2200	NaN	-9999990	NaN	-9999990	-9999990	-9999990	-9999990	NaN	NaN	NaN	NaN	NaN	NaN	NaN	NaN	NaN	NaN	NaN	NaN
7.2300	NaN	-9999990	NaN	-9999990	-9999990	-9999990	-9999990	NaN	NaN	NaN	NaN	NaN	NaN	NaN	NaN	NaN	NaN	NaN	NaN
7.2400	NaN	-9999990	NaN	-9999990	-9999990	-9999990	-9999990	NaN	NaN	NaN	NaN	NaN	NaN	NaN	NaN	NaN	NaN	NaN	NaN
7.2500	NaN	-9999990	NaN	-9999990	-9999990	-9999990	-9999990	NaN	NaN	NaN	NaN	NaN	NaN	NaN	NaN	NaN	NaN	NaN	NaN
7.2600	NaN	-9999990	NaN	-9999990	-9999990	-9999990	-9999990	NaN	NaN	NaN	NaN	NaN	NaN	NaN	NaN	NaN	NaN	NaN	NaN
7.2700	NaN	-9999990	NaN	-9999990	-9999990	-9999990	-9999990	NaN	NaN	NaN	NaN	NaN	NaN	NaN	NaN	NaN	NaN	NaN	NaN
7.2800	NaN	-9999990	NaN	-9999990	-9999990	-9999990	-9999990	NaN	NaN	NaN	NaN	NaN	NaN	NaN	NaN	NaN	NaN	NaN	NaN
7.2900	NaN	-9999990	NaN	-9999990	-9999990	-9999990	-9999990	NaN	NaN	NaN	NaN	NaN	NaN	NaN	NaN	NaN	NaN	NaN	NaN
7.3000	NaN	-9999990	NaN	-9999990	-9999990	-9999990	-9999990	NaN	NaN	NaN	NaN	NaN	NaN	NaN	NaN	NaN	NaN	NaN	NaN
7.3100	NaN	-9999990	NaN	-9999990	-9999990	-9999990	-9999990	NaN	NaN	NaN	NaN	NaN	NaN	NaN	NaN	NaN	NaN	NaN	NaN
7.3200	NaN	-9999990	NaN	-9999990	-9999990	-9999990	-9999990	NaN	NaN	NaN	NaN	NaN	NaN	NaN	NaN	NaN	NaN	NaN	NaN
7.3300	NaN	-9999990	NaN	-9999990	-9999990	-9999990	-9999990	NaN	NaN	NaN	NaN	NaN	NaN	NaN	NaN	NaN	NaN	NaN	NaN
7.3400	NaN	-9999990	NaN	-9999990	-9999990	-9999990	-9999990	NaN	NaN	NaN	NaN	NaN	NaN	NaN	NaN	NaN	NaN	NaN	NaN
7.3500	NaN	-9999990	NaN	-9999990	-9999990	-9999990	-9999990	NaN	NaN	NaN	NaN	NaN	NaN	NaN	NaN	NaN	NaN	NaN	NaN
7.3600	NaN	-9999990	NaN	-9999990	-9999990	-9999990	-9999990	NaN	NaN	NaN	NaN	NaN	NaN	NaN	NaN	NaN	NaN	NaN	NaN
7.3700	NaN	-9999990	NaN	-9999990	-9999990	-9999990	-9999990	NaN	NaN	NaN	NaN	NaN	NaN	NaN	NaN	NaN	NaN	NaN	NaN
7.3800	NaN	-9999990	NaN	-9999990	-9999990	-9999990	-9999990	NaN	NaN	NaN	NaN	NaN	NaN	NaN	NaN	NaN	NaN	NaN	NaN
7.3900	NaN	-9999990	NaN	-9999990	-9999990	-9999990	-9999990	NaN	NaN	NaN	NaN	NaN	NaN	NaN	NaN	NaN	NaN	NaN	NaN
7.4000	NaN	-9999990	NaN	-9999990	-9999990	-9999990	-9999990	NaN	NaN	NaN	NaN	NaN	NaN	NaN	NaN	NaN	NaN	NaN	NaN
7.4100	NaN	-9999990	NaN	-9999990	-9999990	-9999990	-9999990	NaN	NaN	NaN	NaN	NaN	NaN	NaN	NaN	NaN	NaN	NaN	NaN
7.4200	NaN	-9999990	NaN	-9999990	-9999990	-9999990	-9999990	NaN	NaN	NaN	NaN	NaN	NaN	NaN	NaN	NaN	NaN	NaN	NaN
7.4300	NaN	-9999990	NaN	-9999990	-9999990	-9999990	-9999990	NaN	NaN	NaN	NaN	NaN	NaN	NaN	NaN	NaN	NaN	NaN	NaN
7.4400	NaN	-9999990	NaN	-9999990	-9999990	-9999990	-9999990	NaN	NaN	NaN	NaN	NaN	NaN	NaN	NaN	NaN	NaN	NaN	NaN
7.4500	NaN	-9999990	NaN	-9999990	-9999990	-9999990	-9999990	NaN	NaN	NaN	NaN	NaN	NaN	NaN	NaN	NaN	NaN	NaN	NaN
7.4600	NaN	-9999990	NaN	-9999990	-9999990	-9999990	-9999990	NaN	NaN	NaN	NaN	NaN	NaN	NaN	NaN	NaN	NaN	NaN	NaN
7.4700	NaN	-9999990	NaN	-9999990	-9999990	-9999990	-9999990	NaN	NaN	NaN	NaN	NaN	NaN	NaN	NaN	NaN	NaN	NaN	NaN
7.4800	NaN	-9999990	NaN	-9999990	-9999990	-9999990	-9999990	NaN	NaN	NaN	NaN	NaN	NaN	NaN	NaN	NaN	NaN	NaN	NaN
7.4900	NaN	-9999990	NaN	-9999990	-9999990	-9999990	-9999990	NaN	NaN	NaN	NaN	NaN	NaN	NaN	NaN	NaN	NaN	NaN	NaN
7.5000	NaN	-9999990	NaN	-9999990	-9999990	-9999990	-9999990	NaN	NaN	NaN	NaN	NaN	NaN	NaN	NaN	NaN	NaN	NaN	NaN
7.5100	NaN	-9999990	NaN	-9999990	-9999990	-9999990	-9999990	NaN	NaN	NaN	NaN	NaN	NaN	NaN	NaN	NaN	NaN	NaN	NaN
7.5200	NaN	-9999990	NaN	-9999990	-9999990	-9999990	-9999990	NaN	NaN	NaN	NaN	NaN	NaN	NaN	NaN	NaN	NaN	NaN	NaN
7.5300	NaN	-9999990	NaN	-9999990	-9999990	-9999990	-9999990	NaN	NaN	NaN	NaN	NaN	NaN	NaN	NaN	NaN	NaN	NaN	NaN
7.5400	NaN	-9999990	NaN	-9999990	-9999990	-9999990	-9999990	NaN	NaN	NaN	NaN	NaN	NaN	NaN	NaN	NaN	NaN	NaN	NaN
7.5500	NaN	-9999990	NaN	-9999990	-9999990	-9999990	-9999990	NaN	NaN	NaN	NaN	NaN	NaN	NaN	NaN	NaN	NaN	NaN	NaN
7.5600	NaN	-9999990	NaN	-9999990	-9999990	-9999990	-9999990	NaN	NaN	NaN	NaN	NaN	NaN	NaN	NaN	NaN	NaN	NaN	NaN
7.5700	NaN	-9999990	NaN	-9999990	-9999990	-9999990	-9999990	NaN	NaN	NaN	NaN	NaN	NaN	NaN	NaN	NaN	NaN	NaN	NaN
7.5800	NaN	-9999990	NaN	-9999990	-9999990	-9999990	-9999990	NaN	NaN	NaN	NaN	NaN	NaN	NaN	NaN	NaN	NaN	NaN	NaN
7.5900	NaN	-9999990	NaN	-9999990	-9999990	-9999990	-9999990	NaN	NaN	NaN	NaN	NaN	NaN	NaN	NaN	NaN	NaN	NaN	NaN
7.6000	NaN	-9999990	NaN	-9999990	-9999990	-9999990	-9999990	NaN	NaN	NaN	NaN	NaN	NaN	NaN	NaN	NaN	NaN	NaN	NaN
7.6100	NaN	-9999990	NaN	-9999990	-9999990	-9999990	-9999990	NaN	NaN	NaN	NaN	NaN	NaN	NaN	NaN	NaN	NaN	NaN	NaN
7.6200	NaN	-9999990	NaN	-9999990	-9999990	-9999990	-9999990	NaN	NaN	NaN	NaN	NaN	NaN	NaN	NaN	NaN	NaN	NaN	NaN
7.6300	NaN	-9999990	NaN	-9999990	-9999990	-9999990	-9999990	NaN	NaN	NaN	NaN	NaN	NaN	NaN	NaN	NaN	NaN	NaN	NaN
7.6400	NaN	-9999990	NaN	-9999990	-9999990	-9999990	-9999990	NaN	NaN	NaN	NaN	NaN	NaN	NaN	NaN	NaN	NaN	NaN	NaN
7.6500	NaN	-9999990	NaN	-9999990	-9999990	-9999990	-9999990	NaN	NaN	NaN	NaN	NaN	NaN	NaN	NaN	NaN	NaN	NaN	NaN
7.6600	NaN	-9999990	NaN	-9999990	-9999990	-9999990	-9999990	NaN	NaN	NaN	NaN	NaN	NaN	NaN	NaN	NaN	NaN	NaN	NaN
7.6700	NaN	-9999990	NaN	-9999990	-9999990	-9999990	-9999990	NaN	NaN	NaN	NaN	NaN	NaN	NaN	NaN	NaN	NaN	NaN	NaN
7.6800	NaN	-9999990	NaN	-9999990	-9999990	-9999990	-9999990	NaN	NaN	NaN	NaN	NaN	NaN	NaN	NaN	NaN	NaN	NaN	NaN
7.6900	NaN	-9999990	NaN	-9999990	-9999990	-9999990	-9999990	NaN	NaN	NaN	NaN	NaN	NaN	NaN	NaN	NaN	NaN	NaN	NaN
7.7000	NaN	-9999990	NaN	-9999990	-9999990	-9999990	-9999990	NaN	NaN	NaN	NaN	NaN	NaN	NaN	NaN	NaN	NaN	NaN	NaN
7.7100	NaN	-9999990	NaN	-9999990	-9999990	-9999990	-9999990	NaN	NaN	NaN	NaN	NaN	NaN	NaN	NaN	NaN	NaN	NaN	NaN
7.7200	NaN	-9999990	NaN	-9999990	-9999990	-9999990	-9999990	NaN	NaN	NaN	NaN	NaN	NaN	NaN	NaN	NaN	NaN	NaN	NaN
7.7300	NaN	-9999990	NaN	-9999990	-9999990	-9999990	-9999990	NaN	NaN	NaN	NaN	NaN	NaN	NaN	NaN	NaN	NaN	NaN	NaN
7.7400	NaN	-9999990	NaN	-9999990	-9999990	-9999990	-9999990	NaN	NaN	NaN	NaN	NaN	NaN	NaN	NaN	NaN	NaN	NaN	NaN
7.7500	NaN	-9999990	NaN	-9999990	-9999990	-9999990	-9999990	NaN	NaN	NaN	NaN	NaN	NaN	NaN	NaN	NaN	NaN	NaN	NaN
7.7600	NaN	-9999990	NaN	-9999990	-9999990	-9999990	-9999990	NaN	NaN	NaN	NaN	NaN	NaN	NaN	NaN	NaN	NaN	NaN	NaN
7.7700	NaN	-9999990	NaN	-9999990	-9999990	-9999990	-9999990	NaN	NaN	NaN	NaN	NaN	NaN	NaN	NaN	NaN	NaN	NaN	NaN
7.7800	NaN	-9999990	NaN	-9999990	-9999990	-9999990	-9999990	NaN	NaN	NaN	NaN	NaN	NaN	NaN	NaN	NaN	NaN	NaN	NaN
7.7900	NaN	-9999990	NaN	-9999990	-9999990	-9999990	-9999990	NaN	NaN	NaN	NaN	NaN	NaN	NaN	NaN	NaN	NaN	NaN	NaN
7.8000	NaN	-9999990	NaN	-9999990	-9999990	-9999990	-9999990	NaN	NaN	NaN	NaN	NaN	NaN	NaN	NaN	NaN	NaN	NaN	NaN
7.8100	NaN	-9999990	NaN	-9999990	-9999990	-9999990	-9999990	NaN	NaN	NaN	NaN	NaN	NaN	NaN	NaN	NaN	NaN	NaN	NaN
7.8200	NaN	-9999990	NaN	-9999990	-9999990	-9999990	-9999990	NaN	NaN	NaN	NaN	NaN	NaN	NaN	NaN	NaN	NaN	NaN	NaN
7.8300	NaN	-9999990	NaN	-9999990	-9999990	-9999990	-9999990	NaN	NaN	NaN	NaN	NaN	NaN	NaN	NaN	NaN	NaN	NaN	NaN
7.8400	NaN	-9999990	NaN	-9999990	-9999990	-9999990	-9999990	NaN	NaN	NaN	NaN	NaN	NaN	NaN	NaN	NaN	NaN	NaN	NaN
7.8500	NaN	-9999990	NaN	-9999990	-9999990	-9999990	-9999990	NaN	NaN	NaN	NaN	NaN	NaN	NaN	NaN	NaN	NaN	NaN	NaN
7.8600	NaN	-9999990	NaN	-9999990	-9999990	-9999990	-9999990	NaN	NaN	NaN	NaN	NaN	NaN	NaN	NaN	NaN	NaN	NaN	NaN
7.8700	NaN	-9999990	NaN	-9999990	-9999990	-9999990	-9999990	NaN	NaN	NaN	NaN	NaN	NaN	NaN	NaN	NaN	NaN	NaN	NaN
7.8800	NaN	-9999990	NaN	-9999990	-9999990	-9999990	-9999990	NaN	NaN	NaN	NaN	NaN	NaN	NaN	NaN	NaN	NaN	NaN	NaN
7.8900	NaN	-9999990	NaN	-9999990	-9999990	-9999990	-9999990	NaN	NaN	NaN	NaN	NaN	NaN	NaN	NaN	NaN	NaN	NaN	NaN
7.9000	NaN	-9999990	NaN	-9999990	-9999990	-9999990	-9999990	NaN	NaN	NaN	NaN	NaN	NaN	NaN	NaN	NaN	NaN	NaN	NaN
7.9100	NaN	-9999990	NaN	-9999990	-9999990	-9999990	-9999990	NaN	NaN	NaN	NaN	NaN	NaN	NaN	NaN	NaN	NaN	NaN	NaN
7.9200	NaN	-9999990	NaN	-9999990	-9999990	-9999990	-9999990	NaN	NaN	NaN	NaN	NaN	NaN	NaN	NaN	NaN	NaN	NaN	NaN
7.9300	NaN	-9999990	NaN	-9999990	-9999990	-9999990	-9999990	NaN	NaN	NaN	NaN	NaN	NaN	NaN	NaN	NaN	NaN	NaN	NaN
7.9400	NaN	-9999990	NaN	-9999990	-9999990	-9999990	-9999990	NaN	NaN	NaN	NaN	NaN	NaN	NaN	NaN	NaN	NaN	NaN	NaN
7.9500	NaN	-9999990	NaN	-9999990	-9999990	-9999990	-9999990	NaN	NaN	NaN	NaN	NaN	NaN	NaN	NaN	NaN	NaN	NaN	NaN
7.9600	NaN	-9999990	NaN	-9999990	-9999990	-9999990	-9999990	NaN	NaN	NaN	NaN	NaN	NaN	NaN	NaN	NaN	NaN	NaN	NaN
7.9700	NaN	-9999990	NaN	-9999990	-9999990	-9999990	-9999990	NaN	NaN	NaN	NaN	NaN	NaN	NaN	NaN	NaN	NaN	NaN	NaN
7.9800	NaN	-9999990	NaN	-9999990	-9999990	-9999990	-9999990	NaN	NaN	NaN	NaN	NaN	NaN	NaN	NaN	NaN	NaN	NaN	NaN
7.9900	NaN	-9999990	NaN	-9999990	-9999990	-9999990	-9999990	NaN	NaN	NaN	NaN	NaN	NaN	NaN	NaN	NaN	NaN	NaN	NaN
8.0000	NaN	-9999990	NaN	-9999990	-9999990	-9999990	-9999990	NaN	NaN	NaN	NaN	NaN	NaN	NaN	NaN	NaN	NaN	NaN	NaN
8.0100	NaN	-9999990	NaN	-9999990	-9999990	-9999990	-9999990	NaN	NaN	NaN	NaN	NaN	NaN	NaN	NaN	NaN	NaN	NaN	NaN
8.0200	NaN	-9999990	NaN	-9999990	-9999990	-9999990	-9999990	NaN	NaN	NaN	NaN	NaN	NaN	NaN	NaN	NaN	NaN	NaN	NaN
8.0300	NaN	-9999990	NaN	-9999990	-9999990	-9999990	-9999990	NaN	NaN	NaN	NaN	NaN	NaN	NaN	NaN	NaN	NaN	NaN	NaN
8.0400	NaN	-9999990	NaN	-9999990	-9999990	-9999990	-9999990	NaN	NaN	NaN	NaN	NaN	NaN	NaN	NaN	NaN	NaN	NaN	NaN
8.0500	NaN	-9999990	NaN	-9999990	-9999990	-9999990	-9999990	NaN	NaN	NaN	NaN	NaN	NaN	NaN	NaN	NaN	NaN	NaN	NaN
8.0600	NaN	-9999990	NaN	-9999990	-9999990	-9999990	-9999990	NaN	NaN	NaN	NaN	NaN	NaN	NaN	NaN	NaN	NaN	NaN	NaN
8.0700	NaN	-9999990	NaN	-9999990	-9999990	-9999990	-9999990	NaN	NaN	NaN	NaN	NaN	NaN	NaN	NaN	NaN	NaN	NaN	NaN
8.0800	NaN	-9999990	NaN	-9999990	-9999990	-9999990	-9999990	NaN	NaN	NaN	NaN	NaN	NaN	NaN	NaN	NaN	NaN	NaN	NaN
8.0900	NaN	-9999990	NaN	-9999990	-9999990	-9999990	-9999990	NaN	NaN	NaN	NaN	NaN	NaN	NaN	NaN	NaN	NaN	NaN	NaN
8.1000	NaN	-9999990	NaN	-9999990	-9999990	-9999990	-9999990	NaN	NaN	NaN	NaN	NaN	NaN	NaN	NaN	NaN	NaN	NaN	NaN
8.1100	NaN	-9999990	NaN	-9999990	-9999990	-9999990	-9999990	NaN	NaN	NaN	NaN	NaN	NaN	NaN	NaN	NaN	NaN	NaN	NaN
8.1200	NaN	-9999990	NaN	-9999990	-9999990	-9999990	-9999990	NaN	NaN	NaN	NaN	NaN	NaN	NaN	NaN	NaN	NaN	NaN	NaN
8.1300	NaN	-9999990	NaN	-9999990	-9999990	-9999990	-9999990	NaN	NaN	NaN	NaN	NaN	NaN	NaN	NaN	NaN	NaN	NaN	NaN
8.1400	NaN	-9999990	NaN	-9999990	-9999990	-9999990	-9999990	NaN	NaN	NaN	NaN	NaN	NaN	NaN	NaN	NaN	NaN	NaN	NaN
8.1500	NaN	-9999990	NaN	-9999990	-9999990	-9999990	-9999990	NaN	NaN	NaN	NaN	NaN	NaN	NaN	NaN	NaN	NaN	NaN	NaN
8.1600	NaN	-9999990	NaN	-9999990	-9999990	-9999990	-9999990	NaN	NaN	NaN	NaN	NaN	NaN	NaN	NaN	NaN	NaN	NaN	NaN
8.1700	NaN	-9999990	NaN	-9999990	-9999990	-9999990	-9999990	NaN	NaN	NaN	NaN	NaN	NaN	NaN	NaN	NaN	NaN	NaN	NaN
8.1800	NaN	-9999990	NaN	-9999990	-9999990	-9999990	-9999990	NaN	NaN	NaN	NaN	NaN	NaN	NaN	NaN	NaN	NaN	NaN	NaN
8.1900	NaN	-9999990	NaN	-9999990	-9999990	-9999990	-9999990	NaN	NaN	NaN	NaN	NaN	NaN	NaN	NaN	NaN	NaN	NaN	NaN
8.2000	NaN	-9999990	NaN	-9999990	-9999990	-9999990	-9999990	NaN	NaN	NaN	NaN	NaN	NaN	NaN	NaN	NaN	NaN	NaN	NaN
8.2100	NaN	-9999990	NaN	-9999990	-9999990	-9999990	-9999990	NaN	NaN	NaN	NaN	NaN	NaN	NaN	NaN	NaN	NaN	NaN	NaN
8.2200	NaN	-9999990	NaN	-9999990	-9999990	-9999990	-9999990	NaN	NaN	NaN	NaN	NaN	NaN	NaN	NaN	NaN	NaN	NaN	NaN
8.2300	NaN	-9999990	NaN	-9999990	-9999990	-9999990	-9999990	NaN	NaN	NaN	NaN	NaN	NaN	NaN	NaN	NaN	NaN	NaN	NaN
8.2400	NaN	-9999990	NaN	-9999990	-9999990	-9999990	-9999990	NaN	NaN	NaN	NaN	NaN	NaN	NaN	NaN	NaN	NaN	NaN	NaN
8.2500	NaN	-9999990	NaN	-9999990	-9999990	-9999990	-9999990	NaN	NaN	NaN	NaN	NaN	NaN	NaN	NaN	NaN	NaN	NaN	NaN
8.2600	NaN	-9999990	NaN	-9999990	-9999990	-9999990	-9999990	NaN	NaN	NaN	NaN	NaN	NaN	NaN	NaN	NaN	NaN	NaN	NaN
8.2700	NaN	-9999990	NaN	-9999990	-9999990	-9999990	-9999990	NaN	NaN	NaN	NaN	NaN	NaN	NaN	NaN	NaN	NaN	NaN	NaN
8.2800	NaN	-9999990	NaN	-9999990	-9999990	-9999990	-9999990	NaN	NaN	NaN	NaN	NaN	NaN	NaN	NaN	NaN	NaN	NaN	NaN
8.2900	NaN	-9999990	NaN	-9999990	-9999990	-9999990	-9999990	NaN	NaN	NaN	NaN	NaN	NaN	NaN	NaN	NaN	NaN	NaN	NaN
8.3000	NaN	-9999990	NaN	-9999990	-9999990	-9999990	-9999990	NaN	NaN	NaN	NaN	NaN	NaN	NaN	NaN	NaN	NaN	NaN	NaN
8.3100	NaN	-9999990	NaN	-9999990	-9999990	-9999990	-9999990	NaN	NaN	NaN	NaN	NaN	NaN	NaN	NaN	NaN	NaN	NaN	NaN
8.3200	NaN	-9999990	NaN	-9999990	-9999990	-9999990	-9999990	NaN	NaN	NaN	NaN	NaN	NaN	NaN	NaN	NaN	NaN	NaN	NaN
8.3300	NaN	-9999990	NaN	-9999990	-9999990	-9999990	-9999990	NaN	NaN	NaN	NaN	NaN	NaN	NaN	NaN	NaN	NaN	NaN	NaN
8.3400	NaN	-9999990	NaN	-9999990	-9999990	-9999990	-9999990	NaN	NaN	NaN	NaN	NaN	NaN	NaN	NaN	NaN	NaN	NaN	NaN
8.3500	NaN	-9999990	NaN	-9999990	-9999990	-9999990	-9999990	NaN	NaN	NaN	NaN	NaN	NaN	NaN	NaN	NaN	NaN	NaN	NaN
8.3600	NaN	-9999990	NaN	-9999990	-9999990	-9999990	-9999990	NaN	NaN	NaN	NaN	NaN	NaN	NaN	NaN	NaN	NaN	NaN	NaN
8.3700	NaN	-9999990	NaN	-9999990	-9999990	-9999990	-9999990	NaN	NaN	NaN	NaN	NaN	NaN	NaN	NaN	NaN	NaN	NaN	NaN
8.3800	NaN	-9999990	NaN	-9999990	-9999990	-9999990	-9999990	NaN	NaN	NaN	NaN	NaN	NaN	NaN	NaN	NaN	NaN	NaN	NaN
8.3900	NaN	-9999990	NaN	-9999990	-9999990	-9999990	-9999990	NaN	NaN	NaN	NaN	NaN	NaN	NaN	NaN	NaN	NaN	NaN	NaN
8.4000	NaN	-9999990	NaN	-9999990	-9999990	-9999990	-9999990	NaN	NaN	NaN	NaN	NaN	NaN	NaN	NaN	NaN	NaN	NaN	NaN
8.4100	NaN	-9999990	NaN	-9999990	-9999990	-9999990	-9999990	NaN	NaN	NaN	NaN	NaN	NaN	NaN	NaN	NaN	NaN	NaN	NaN
8.4200	NaN	-9999990	NaN	-9999990	-9999990	-9999990	-9999990	NaN	NaN	NaN	NaN	NaN	NaN	NaN	NaN	NaN	NaN	NaN	NaN
8.4300	NaN	-9999990	NaN	-9999990	-9999990	-9999990	-9999990	NaN	NaN	NaN	NaN	NaN	NaN	NaN	NaN	NaN	NaN	NaN	NaN
8.4400	NaN	-9999990	NaN	-9999990	-9999990	-9999990	-9999990	NaN	NaN	NaN	NaN	NaN	NaN	NaN	NaN	NaN	NaN	NaN	NaN
8.4500	NaN	-9999990	NaN	-9999990	-9999990	-9999990	-9999990	NaN	NaN	NaN	NaN	NaN	NaN	NaN	NaN	NaN	NaN	NaN	NaN
8.4600	NaN	-9999990	NaN	-9999990	-9999990	-9999990	-9999990	NaN	NaN	NaN	NaN	NaN	NaN	NaN	NaN	NaN	NaN	NaN	NaN
8.4700	NaN	-9999990	NaN	-9999990	-9999990	-9999990	-9999990	NaN	NaN	NaN	NaN	NaN	NaN	NaN	NaN	NaN	NaN	NaN	NaN
8.4800	NaN	-9999990	NaN	-9999990	-9999990	-9999990	-9999990	NaN	NaN	NaN	NaN	NaN	NaN	NaN	NaN	NaN	NaN	NaN	NaN
8.4900	NaN	-9999990	NaN	-9999990	-9999990	-9999990	-9999990	NaN	NaN	NaN	NaN	NaN	NaN	NaN	NaN	NaN	NaN	NaN	NaN
8.5000	NaN	-9999990	NaN	-9999990	-9999990	-9999990	-9999990	NaN	NaN	NaN	NaN	NaN	NaN	NaN	NaN	NaN	NaN	NaN	NaN
8.5100	NaN	-9999990	NaN	-9999990	-9999990	-9999990	-9999990	NaN	NaN	NaN	NaN	NaN	NaN	NaN	NaN	NaN	NaN	NaN	NaN
8.5200	NaN	-9999990	NaN	-9999990	-9999990	-9999990	-9999990	NaN	NaN	NaN	NaN	NaN	NaN	NaN	NaN	NaN	NaN	NaN	NaN
8.5300	NaN	-9999990	NaN	-9999990	-9999990	-9999990	-9999990	NaN	NaN	NaN	NaN	NaN	NaN	NaN	NaN	NaN	NaN	NaN	NaN
8.5400	NaN	-9999990	NaN	-9999990	-9999990	-9999990	-9999990	NaN	NaN	NaN	NaN	NaN	NaN	NaN	NaN	NaN	NaN	NaN	NaN
8.5500	NaN	-9999990	NaN	-9999990	-9999990	-9999990	-9999990	NaN	NaN	NaN	NaN	NaN	NaN	NaN	NaN	NaN	NaN	NaN	NaN
8.5600	NaN	-9999990	NaN	-9999990	-9999990	-9999990	-9999990	NaN	NaN	NaN	NaN	NaN	NaN	NaN	NaN	NaN	NaN	NaN	NaN
8.5700	NaN	-9999990	NaN	-9999990	-9999990	-9999990	-9999990	NaN	NaN	NaN	NaN	NaN	NaN	NaN	NaN	NaN	NaN	NaN	NaN
8.5800	NaN	-9999990	NaN	-9999990	-9999990	-9999990	-9999990	NaN	NaN	NaN	NaN	NaN	NaN	NaN	NaN	NaN	NaN	NaN	NaN
8.5900	NaN	-9999990	NaN	-9999990	-9999990	-9999990	-9999990	NaN	NaN	NaN	NaN	NaN	NaN	NaN	NaN	NaN	NaN	NaN	NaN
8.6000	NaN	-9999990	NaN	-9999990	-9999990	-9999990	-9999990	NaN	NaN	NaN	NaN	NaN	NaN	NaN	NaN	NaN	NaN	NaN	NaN
8.6100	NaN	-9999990	NaN	-9999990	-9999990	-9999990	-9999990	NaN	NaN	NaN	NaN	NaN	NaN	NaN	NaN	NaN	NaN	NaN	NaN
8.6200	NaN	-9999990	NaN	-9999990	-9999990	-9999990	-9999990	NaN	NaN	NaN	NaN	NaN	NaN	NaN	NaN	NaN	NaN	NaN	NaN
8.6300	NaN	-9999990	NaN	-9999990	-9999990	-9999990	-9999990	NaN	NaN	NaN	NaN	NaN	NaN	NaN	NaN	NaN	NaN	NaN	NaN
8.6400	NaN	-9999990	NaN	-9999990	-9999990	-9999990	-9999990	NaN	NaN	NaN	NaN	NaN	NaN	NaN	NaN	NaN	NaN	NaN	NaN
8.6500	NaN	-9999990	NaN	-9999990	-9999990	-9999990	-9999990	NaN	NaN	NaN	NaN	NaN	NaN	NaN	NaN	NaN	NaN	NaN	NaN
8.6600	NaN	-9999990	NaN	-9999990	-9999990	-9999990	-9999990	NaN	NaN	NaN	NaN	NaN	NaN	NaN	NaN	NaN	NaN	NaN	NaN
8.6700	NaN	-9999990	NaN	-9999990	-9999990	-9999990	-9999990	NaN	NaN	NaN	NaN	NaN	NaN	NaN	NaN	NaN	NaN	NaN	NaN
8.6800	NaN	-9999990	NaN	-9999990	-9999990	-9999990	-9999990	NaN	NaN	NaN	NaN	NaN	NaN	NaN	NaN	NaN	NaN	NaN	NaN
8.6900	NaN	-9999990	NaN	-9999990	-9999990	-9999990	-9999990	NaN	NaN	NaN	NaN	NaN	NaN	NaN	NaN	NaN	NaN	NaN	NaN
8.7000	NaN	-9999990	NaN	-9999990	-9999990	-9999990	-9999990	NaN	NaN	NaN	NaN	NaN	NaN	NaN	NaN	NaN	NaN	NaN	NaN
8.7100	NaN	-9999990	NaN	-9999990	-9999990	-9999990	-9999990	NaN	NaN	NaN	NaN	NaN	NaN	NaN	NaN	NaN	NaN	NaN	NaN
8.7200	NaN	-9999990	NaN	-9999990	-9999990	-9999990	-9999990	NaN	NaN	NaN	NaN	NaN	NaN	NaN	NaN	NaN	NaN	NaN	NaN
8.7300	NaN	-9999990	NaN	-9999990	-9999990	-9999990	-9999990	NaN	NaN	NaN	NaN	NaN	NaN	NaN	NaN	NaN	NaN	NaN	NaN
8.7400	NaN	-9999990	NaN	-9999990	-9999990	-9999990	-9999990	NaN	NaN	NaN	NaN	NaN	NaN	NaN	NaN	NaN	NaN	NaN	NaN
8.7500	NaN	-9999990	NaN	-9999990	-9999990	-9999990	-9999990	NaN	NaN	NaN	NaN	NaN	NaN	NaN	NaN	NaN	NaN	NaN	NaN
8.7600	NaN	-9999990	NaN	-9999990	-9999990	-9999990	-9999990	NaN	NaN	NaN	NaN	NaN	NaN	NaN	NaN	NaN	NaN	NaN	NaN
8.7700	NaN	-9999990	NaN	-9999990	-9999990	-9999990	-9999990	NaN	NaN	NaN	NaN	NaN	NaN	NaN	NaN	NaN	NaN	NaN	NaN
8.7800	NaN	-9999990	NaN	-9999990	-9999990	-9999990	-9999990	NaN	NaN	NaN	NaN	NaN	NaN	NaN	NaN	NaN	NaN	NaN	NaN
8.7900	NaN	-9999990	NaN	-9999990	-9999990	-9999990	-9999990	NaN	NaN	NaN	NaN	NaN	NaN	NaN	NaN	NaN	NaN	NaN	NaN
8.8000	NaN	-9999990	NaN	-9999990	-9999990	-9999990	-9999990	NaN	NaN	NaN	NaN	NaN	NaN	NaN	NaN	NaN	NaN	NaN	NaN
8.8100	NaN	-9999990	NaN	-9999990	-9999990	-9999990	-9999990	NaN	NaN	NaN	NaN	NaN	NaN	NaN	NaN	NaN	NaN	NaN	NaN
8.8200	NaN	-9999990	NaN	-9999990	-9999990	-9999990	-9999990	NaN	NaN	NaN	NaN	NaN	NaN	NaN	NaN	NaN	NaN	NaN	NaN
8.8300	NaN	-9999990	NaN	-9999990	-9999990	-9999990	-9999990	NaN	NaN	NaN	NaN	NaN	NaN	NaN	NaN	NaN	NaN	NaN	NaN
8.8400	NaN	-9999990	NaN	-9999990	-9999990	-9999990	-9999990	NaN	NaN	NaN	NaN	NaN	NaN	NaN	NaN	NaN	NaN	NaN	NaN
8.8500	NaN	-9999990	NaN	-9999990	-9999990	-9999990	-9999990	NaN	NaN	NaN	NaN	NaN	NaN	NaN	NaN	NaN	NaN	NaN	NaN
8.8600	NaN	-9999990	NaN	-9999990	-9999990	-9999990	-9999990	NaN	NaN	NaN	NaN	NaN	NaN	NaN	NaN	NaN	NaN	NaN	NaN
8.8700	NaN	-9999990	NaN	-9999990	-9999990	-9999990	-9999990	NaN	NaN	NaN	NaN	NaN	NaN	NaN	NaN	NaN	NaN	NaN	NaN
8.8800	NaN	-9999990	NaN	-9999990	-9999990	-9999990	-9999990	NaN	NaN	NaN	NaN	NaN	NaN	NaN	NaN	NaN	NaN	NaN	NaN
8.8900	NaN	-9999990	NaN	-9999990	-9999990	-9999990	-9999990	NaN	NaN	NaN	NaN	NaN	NaN	NaN	NaN	NaN	NaN	NaN	NaN
8.9000	NaN	-9999990	NaN	-9999990	-9999990	-9999990	-9999990	NaN	NaN	NaN	NaN	NaN	NaN	NaN	NaN	NaN	NaN	NaN	NaN
8.9100	NaN	-9999990	NaN	-9999990	-9999990	-9999990	-9999990	NaN	NaN	NaN	NaN	NaN	NaN	NaN	NaN	NaN	NaN	NaN	NaN
8.9200	NaN	-9999990	NaN	-9999990	-9999990	-9999990	-9999990	NaN	NaN	NaN	NaN	NaN	NaN	NaN	NaN	NaN	NaN	NaN	NaN
8.9300	NaN	-9999990	NaN	-9999990	-9999990	-9999990	-9999990	NaN	NaN	NaN	NaN	NaN	NaN	NaN	NaN	NaN	NaN	NaN	NaN
8.9400	NaN	-9999990	NaN	-9999990	-9999990	-9999990	-9999990	NaN	NaN	NaN	NaN	NaN	NaN	NaN	NaN	NaN	NaN	NaN	NaN
8.9500	NaN	-9999990	NaN	-9999990	-9999990	-9999990	-9999990	NaN	NaN	NaN	NaN	NaN	NaN	NaN	NaN	NaN	NaN	NaN	NaN
8.9600	NaN	-9999990	NaN	-9999990	-9999990	-9999990	-9999990	NaN	NaN	NaN	NaN	NaN	NaN	NaN	NaN	NaN	NaN	NaN	NaN
8.9700	NaN	-9999990	NaN	-9999990	-9999990	-9999990	-9999990	NaN	NaN	NaN	NaN	NaN	NaN	NaN	NaN	NaN	NaN	NaN	NaN
8.9800	NaN	-9999990	NaN	-9999990	-9999990	-9999990	-9999990	NaN	NaN	NaN	NaN	NaN	NaN	NaN	NaN	NaN	NaN	NaN	NaN
8.9900	NaN	-9999990	NaN	-9999990	-9999990	-9999990	-9999990	NaN	NaN	NaN	NaN	NaN	NaN	NaN	NaN	NaN	NaN	NaN	NaN
9.0000	NaN	-9999990	NaN	-9999990	-9999990	-9999990	-9999990	NaN	NaN	NaN	NaN	NaN	NaN	NaN	NaN	NaN	NaN	NaN	NaN
9.0100	NaN	-9999990	NaN	-9999990	-9999990	-9999990	-9999990	NaN	NaN	NaN	NaN	NaN	NaN	NaN	NaN	NaN	NaN	NaN	NaN
9.0200	NaN	-9999990	NaN	-9999990	-9999990	-9999990	-9999990	NaN	NaN	NaN	NaN	NaN	NaN	NaN	NaN	NaN	NaN	NaN	NaN
9.0300	NaN	-9999990	NaN	-9999990	-9999990	-9999990	-9999990	NaN	NaN	NaN	NaN	NaN	NaN	NaN	NaN	NaN	NaN	NaN	NaN
9.0400	NaN	-9999990	NaN	-9999990	-9999990	-9999990	-9999990	NaN	NaN	NaN	NaN	NaN	NaN	NaN	NaN	NaN	NaN	NaN	NaN
9.0500	NaN	-9999990	NaN	-9999990	-9999990	-9999990	-9999990	NaN	NaN	NaN	NaN	NaN	NaN	NaN	NaN	NaN	NaN	NaN	NaN
9.0600	NaN	-9999990	NaN	-9999990	-9999990	-9999990	-9999990	NaN	NaN	NaN	NaN	NaN	NaN	NaN	NaN	NaN	NaN	NaN	NaN
9.0700	NaN	-9999990	NaN	-9999990	-9999990	-9999990	-9999990	NaN	NaN	NaN	NaN	NaN	NaN	NaN	NaN	NaN	NaN	NaN	NaN
9.0800	NaN	-9999990	NaN	-9999990	-9999990	-9999990	-9999990	NaN	NaN	NaN	NaN	NaN	NaN	NaN	NaN	NaN	NaN	NaN	NaN
9.0900	NaN	-9999990	NaN	-9999990	-9999990	-9999990	-9999990	NaN	NaN	NaN	NaN	NaN	NaN	NaN	NaN	NaN	NaN	NaN	NaN
9.1000	NaN	-9999990	NaN	-9999990	-9999990	-9999990	-9999990	NaN	NaN	NaN	NaN	NaN	NaN	NaN	NaN	NaN	NaN	NaN	NaN
9.1100	NaN	-9999990	NaN	-9999990	-9999990	-9999990	-9999990	NaN	NaN	NaN	NaN	NaN	NaN	NaN	NaN	NaN	NaN	NaN	NaN
9.1200	NaN	-9999990	NaN	-9999990	-9999990	-9999990	-9999990	NaN	NaN	NaN	NaN	NaN	NaN	NaN	NaN	NaN	NaN	NaN	NaN
9.1300	NaN	-9999990	NaN	-9999990	-9999990	-9999990	-9999990	NaN	NaN	NaN	NaN	NaN	NaN	NaN	NaN	NaN	NaN	NaN	NaN
9.1400	NaN	-9999990	NaN	-9999990	-9999990	-9999990	-9999990	NaN	NaN	NaN	NaN	NaN	NaN	NaN	NaN	NaN	NaN	NaN	NaN
9.1500	NaN	-9999990	NaN	-9999990	-9999990	-9999990	-9999990	NaN	NaN	NaN	NaN	NaN	NaN	NaN	NaN	NaN	NaN	NaN	NaN
9.1600	NaN	-9999990	NaN	-9999990	-9999990	-9999990	-9999990	NaN	NaN	NaN	NaN	NaN	NaN	NaN	NaN	NaN	NaN	NaN	NaN
9.1700	NaN	-9999990	NaN	-9999990	-9999990	-9999990	-9999990	NaN	NaN	NaN	NaN	NaN	NaN	NaN	NaN	NaN	NaN	NaN	NaN
9.1800	NaN	-9999990	NaN	-9999990	-9999990	-9999990	-9999990	NaN	NaN	NaN	NaN	NaN	NaN	NaN	NaN	NaN	NaN	NaN	NaN
9.1900	NaN	-9999990	NaN	-9999990	-9999990	-9999990	-9999990	NaN	NaN	NaN	NaN	NaN	NaN	NaN	NaN	NaN	NaN	NaN	NaN
9.2000	NaN	-9999990	NaN	-9999990	-9999990	-9999990	-9999990	NaN	NaN	NaN	NaN	NaN	NaN	NaN	NaN	NaN	NaN	NaN	NaN
9.2100	NaN	-9999990	NaN	-9999990	-9999990	-9999990	-9999990	NaN	NaN	NaN	NaN	NaN	NaN	NaN	NaN	NaN	NaN	NaN	NaN
9.2200	NaN	-9999990	NaN	-9999990	-9999990	-9999990	-9999990	NaN	NaN	NaN	NaN	NaN	NaN	NaN	NaN	NaN	NaN	NaN	NaN
9.2300	NaN	-9999990	NaN	-9999990	-9999990	-9999990	-9999990	NaN	NaN	NaN	NaN	NaN	NaN	NaN	NaN	NaN	NaN	NaN	NaN
9.2400	NaN	-9999990	NaN	-9999990	-9999990	-9999990	-9999990	NaN	NaN	NaN	NaN	NaN	NaN	NaN	NaN	NaN	NaN	NaN	NaN
9.2500	NaN	-9999990	NaN	-9999990	-9999990	-9999990	-9999990	NaN	NaN	NaN	NaN	NaN	NaN	NaN	NaN	NaN	NaN	NaN	NaN
9.2600	NaN	-9999990	NaN	-9999990	-9999990	-9999990	-9999990	NaN	NaN	NaN	NaN	NaN	NaN	NaN	NaN	NaN	NaN	NaN	NaN
9.2700	NaN	-9999990	NaN	-9999990	-9999990	-9999990	-9999990	NaN	NaN	NaN	NaN	NaN	NaN	NaN	NaN	NaN	NaN	NaN	NaN
9.2800	NaN	-9999990	NaN	-9999990	-9999990	-9999990	-9999990	NaN	NaN	NaN	NaN	NaN	NaN	NaN	NaN	NaN	NaN	NaN	NaN
9.2900	NaN	-9999990	NaN	-9999990	-9999990	-9999990	-9999990	NaN	NaN	NaN	NaN	NaN	NaN	NaN	NaN	NaN	NaN	NaN	NaN
9.3000	NaN	-9999990	NaN	-9999990	-9999990	-9999990	-9999990	NaN	NaN	NaN	NaN	NaN	NaN	NaN	NaN	NaN	NaN	NaN	NaN
9.3100	NaN	-9999990	NaN	-9999990	-9999990	-9999990	-9999990	NaN	NaN	NaN	NaN	NaN	NaN	NaN	NaN	NaN	NaN	NaN	NaN
9.3200	NaN	-9999990	NaN	-9999990	-9999990	-9999990	-9999990	NaN	NaN	NaN	NaN	NaN	NaN	NaN	NaN	NaN	NaN	NaN	NaN
9.3300	NaN	-9999990	NaN	-9999990	-9999990	-9999990	-9999990	NaN	NaN	NaN	NaN	NaN	NaN	NaN	NaN	NaN	NaN	NaN	NaN
9.3400	NaN	-9999990	NaN	-9999990	-9999990	-9999990	-9999990	NaN	NaN	NaN	NaN	NaN	NaN	NaN	NaN	NaN	NaN	NaN	NaN
9.3500	NaN	-9999990	NaN	-9999990	-9999990	-9999990	-9999990	NaN	NaN	NaN	NaN	NaN	NaN	NaN	NaN	NaN	NaN	NaN	NaN
9.3600	NaN	-9999990	NaN	-9999990	-9999990	-9999990	-9999990	NaN	NaN	NaN	NaN	NaN	NaN	NaN	NaN	NaN	NaN	NaN	NaN
9.3700	NaN	-9999990	NaN	-9999990	-9999990	-9999990	-9999990	NaN	NaN	NaN	NaN	NaN	NaN	NaN	NaN	NaN	NaN	NaN	NaN
9.3800	NaN	-9999990	NaN	-9999990	-9999990	-9999990	-9999990	NaN	NaN	NaN	NaN	NaN	NaN	NaN	NaN	NaN	NaN	NaN	NaN
9.3900	NaN	-9999990	NaN	-9999990	-9999990	-9999990	-9999990	NaN	NaN	NaN	NaN	NaN	NaN	NaN	NaN	NaN	NaN	NaN	NaN
9.4000	NaN	-9999990	NaN	-9999990	-9999990	-9999990	-9999990	NaN	NaN	NaN	NaN	NaN	NaN	NaN	NaN	NaN	NaN	NaN	NaN
9.4100	NaN	-9999990	NaN	-9999990	-9999990	-9999990	-9999990	NaN	NaN	NaN	NaN	NaN	NaN	NaN	NaN	NaN	NaN	NaN	NaN
9.4200	NaN	-9999990	NaN	-9999990	-9999990	-9999990	-9999990	NaN	NaN	NaN	NaN	NaN	NaN	NaN	NaN	NaN	NaN	NaN	NaN
9.4300	NaN	-9999990	NaN	-9999990	-9999990	-9999990	-9999990	NaN	NaN	NaN	NaN	NaN	NaN	NaN	NaN	NaN	NaN	NaN	NaN
9.4400	NaN	-9999990	NaN	-9999990	-9999990	-9999990	-9999990	NaN	NaN	NaN	NaN	NaN	NaN	NaN	NaN	NaN	NaN	NaN	NaN
9.4500	NaN	-9999990	NaN	-9999990	-9999990	-9999990	-9999990	NaN	NaN	NaN	NaN	NaN	NaN	NaN	NaN	NaN	NaN	NaN	NaN
9.4600	NaN	-9999990	NaN	-9999990	-9999990	-9999990	-9999990	NaN	NaN	NaN	NaN	NaN	NaN	NaN	NaN	NaN	NaN	NaN	NaN
9.4700	NaN	-9999990	NaN	-9999990	-9999990	-9999990	-9999990	NaN	NaN	NaN	NaN	NaN	NaN	NaN	NaN	NaN	NaN	NaN	NaN
9.4800	NaN	-9999990	NaN	-9999990	-9999990	-9999990	-9999990	NaN	NaN	NaN	NaN	NaN	NaN	NaN	NaN	NaN	NaN	NaN	NaN
9.4900	NaN	-9999990	NaN	-9999990	-9999990	-9999990	-9999990	NaN	NaN	NaN	NaN	NaN	NaN	NaN	NaN	NaN	NaN	NaN	NaN
9.5000	NaN	-9999990	NaN	-9999990	-9999990	-9999990	-9999990	NaN	NaN	NaN	NaN	NaN	NaN	NaN	NaN	NaN	NaN	NaN	NaN
9.5100	NaN	-9999990	NaN	-9999990	-9999990	-9999990	-9999990	NaN	NaN	NaN	NaN	NaN	NaN	NaN	NaN	NaN	NaN	NaN	NaN
9.5200	NaN	-9999990	NaN	-9999990	-9999990	-9999990	-9999990	NaN	NaN	NaN	NaN	NaN	NaN	NaN	NaN	NaN	NaN	NaN	NaN
9.5300	NaN	-9999990	NaN	-9999990	-9999990	-9999990	-9999990	NaN	NaN	NaN	NaN	NaN	NaN	NaN	NaN	NaN	NaN	NaN	NaN
9.5400	NaN	-9999990	NaN	-9999990	-9999990	-9999990	-9999990	NaN	NaN	NaN	NaN	NaN	NaN	NaN	NaN	NaN	NaN	NaN	NaN
9.5500	NaN	-9999990	NaN	-9999990	-9999990	-9999990	-9999990	NaN	NaN	NaN	NaN	NaN	NaN	NaN	NaN	NaN	NaN	NaN	NaN
9.5600	NaN	-9999990	NaN	-9999990	-9999990	-9999990	-9999990	NaN	NaN	NaN	NaN	NaN	NaN	NaN	NaN	NaN	NaN	NaN	NaN
9.5700	NaN	-9999990	NaN	-9999990	-9999990	-9999990	-9999990	NaN	NaN	NaN	NaN	NaN	NaN	NaN	NaN	NaN	NaN	NaN	NaN
9.5800	NaN	-9999990	NaN	-9999990	-9999990	-9999990	-9999990	NaN	NaN	NaN	NaN	NaN	NaN	NaN	NaN	NaN	NaN	NaN	NaN
9.5900	NaN	-9999990	NaN	-9999990	-9999990	-9999990	-9999990	NaN	NaN	NaN	NaN	NaN	NaN	NaN	NaN	NaN	NaN	NaN	NaN
9.6000	NaN	-9999990	NaN	-9999990	-9999990	-9999990	-9999990	NaN	NaN	NaN	NaN	NaN	NaN	NaN	NaN	NaN	NaN	NaN	NaN
9.6100	NaN	-9999990	NaN	-9999990	-9999990	-9999990	-9999990	NaN	NaN	NaN	NaN	NaN	NaN	NaN	NaN	NaN	NaN	NaN	NaN
9.6200	NaN	-9999990	NaN	-9999990	-9999990	-9999990	-9999990	NaN	NaN	NaN	NaN	NaN	NaN	NaN	NaN	NaN	NaN	NaN	NaN
9.6300	NaN	-9999990	NaN	-9999990	-9999990	-9999990	-9999990	NaN	NaN	NaN	NaN	NaN	NaN	NaN	NaN	NaN	NaN	NaN	NaN
9.6400	NaN	-9999990	NaN	-9999990	-9999990	-9999990	-9999990	NaN	NaN	NaN	NaN	NaN	NaN	NaN	NaN	NaN	NaN	NaN	NaN
9.6500	NaN	-9999990	NaN	-9999990	-9999990	-9999990	-9999990	NaN	NaN	NaN	NaN	NaN	NaN	NaN	NaN	NaN	NaN	NaN	NaN
9.6600	NaN	-9999990	NaN	-9999990	-9999990	-9999990	-9999990	NaN	NaN	NaN	NaN	NaN	NaN	NaN	NaN	NaN	NaN	NaN	NaN
9.6700	NaN	-9999990	NaN	-9999990	-9999990	-9999990	-9999990	NaN	NaN	NaN	NaN	NaN	NaN	NaN	NaN	NaN	NaN	NaN	NaN
9.6800	NaN	-9999990	NaN	-9999990	-9999990	-9999990	-9999990	NaN	NaN	NaN	NaN	NaN	NaN	NaN	NaN	NaN	NaN	NaN	NaN
9.6900	NaN	-9999990	NaN	-9999990	-9999990	-9999990	-9999990	NaN	NaN	NaN	NaN	NaN	NaN	NaN	NaN	NaN	NaN	NaN	NaN
9.7000	NaN	-9999990	NaN	-9999990	-9999990	-9999990	-9999990	NaN	NaN	NaN	NaN	NaN	NaN	NaN	NaN	NaN	NaN	NaN	NaN
9.7100	NaN	-9999990	NaN	-9999990	-9999990	-9999990	-9999990	NaN	NaN	NaN	NaN	NaN	NaN	NaN	NaN	NaN	NaN	NaN	NaN
9.7200	NaN	-9999990	NaN	-9999990	-9999990	-9999990	-9999990	NaN	NaN	NaN	NaN	NaN	NaN	NaN	NaN	NaN	NaN	NaN	NaN
9.7300	NaN	-9999990	NaN	-9999990	-9999990	-9999990	-9999990	NaN	NaN	NaN	NaN	NaN	NaN	NaN	NaN	NaN	NaN	NaN	NaN
9.7400	NaN	-9999990	NaN	-9999990	-9999990	-9999990	-9999990	NaN	NaN	NaN	NaN	NaN	NaN	NaN	NaN	NaN	NaN	NaN	NaN
9.7500	NaN	-9999990	NaN	-9999990	-9999990	-9999990	-9999990	NaN	NaN	NaN	NaN	NaN	NaN	NaN	NaN	NaN	NaN	NaN	NaN
9.7600	NaN	-9999990	NaN	-9999990	-9999990	-9999990	-9999990	NaN	NaN	NaN	NaN	NaN	NaN	NaN	NaN	NaN	NaN	NaN	NaN
9.7700	NaN	-9999990	NaN	-9999990	-9999990	-9999990	-9999990	NaN	NaN	NaN	NaN	NaN	NaN	NaN	NaN	NaN	NaN	NaN	NaN
9.7800	NaN	-9999990	NaN	-9999990	-9999990	-9999990	-9999990	NaN	NaN	NaN	NaN	NaN	NaN	NaN	NaN	NaN	NaN	NaN	NaN
9.7900	NaN	-9999990	NaN	-9999990	-9999990	-9999990	-9999990	NaN	NaN	NaN	NaN	NaN	NaN	NaN	NaN	NaN	NaN	NaN	NaN
9.8000	NaN	-9999990	NaN	-9999990	-9999990	-9999990	-9999990	NaN	NaN	NaN	NaN	NaN	NaN	NaN	NaN	NaN	NaN	NaN	NaN
9.8100	NaN	-9999990	NaN	-9999990	-9999990	-9999990	-9999990	NaN	NaN	NaN	NaN	NaN	NaN	NaN	NaN	NaN	NaN	NaN	NaN
9.8200	NaN	-9999990	NaN	-9999990	-9999990	-9999990	-9999990	NaN	NaN	NaN	NaN	NaN	NaN	NaN	NaN	NaN	NaN	NaN	NaN
9.8300	NaN	-9999990	NaN	-9999990	-9999990	-9999990	-9999990	NaN	NaN	NaN	NaN	NaN	NaN	NaN	NaN	NaN	NaN	NaN	NaN
9.8400	NaN	-9999990	NaN	-9999990	-9999990	-9999990	-9999990	NaN	NaN	NaN	NaN	NaN	NaN	NaN	NaN	NaN	NaN	NaN	NaN
9.8500	NaN	-9999990	NaN	-9999990	-9999990	-9999990	-9999990	NaN	NaN	NaN	NaN	NaN	NaN	NaN	NaN	NaN	NaN	NaN	NaN
9.8600	NaN	-9999990	NaN	-9999990	-9999990	-9999990	-9999990	NaN	NaN	NaN	NaN	NaN	NaN	NaN	NaN	NaN	NaN	NaN	NaN
9.8700	NaN	-9999990	NaN	-9999990	-9999990	-9999990	-9999990	NaN	NaN	NaN	NaN	NaN	NaN	NaN	NaN	NaN	NaN	NaN	NaN
9.8800	NaN	-9999990	NaN	-9999990	-9999990	-9999990	-9999990	NaN	NaN	NaN	NaN	NaN	NaN	NaN	NaN	NaN	NaN	NaN	NaN
9.8900	NaN	-9999990	NaN	-9999990	-9999990	-9999990	-9999990	NaN	NaN	NaN	NaN	NaN	NaN	NaN	NaN	NaN	NaN	NaN	NaN
9.9000	NaN	-9999990	NaN	-9999990	-9999990	-9999990	-9999990	NaN	NaN	NaN	NaN	NaN	NaN	NaN	NaN	NaN	NaN	NaN	NaN
9.9100	NaN	-9999990	NaN	-9999990	-9999990	-9999990	-9999990	NaN	NaN	NaN	NaN	NaN	NaN	NaN	NaN	NaN	NaN	NaN	NaN
9.9200	NaN	-9999990	NaN	-9999990	-9999990	-9999990	-9999990	NaN	NaN	NaN	NaN	NaN	NaN	NaN	NaN	NaN	NaN	NaN	NaN
9.9300	NaN	-9999990	NaN	-9999990	-9999990	-9999990	-9999990	NaN	NaN	NaN	NaN	NaN	NaN	NaN	NaN	NaN	NaN	NaN	NaN
9.9400	NaN	-9999990	NaN	-9999990	-9999990	-9999990	-9999990	NaN	NaN	NaN	NaN	NaN	NaN	NaN	NaN	NaN	NaN	NaN	NaN
9.9500	NaN	-9999990	NaN	-9999990	-9999990	-9999990	-9999990	NaN	NaN	NaN	NaN	NaN	NaN	NaN	NaN	NaN	NaN	NaN	NaN
9.9600	NaN	-9999990	NaN	-9999990	-9999990	-9999990	-9999990	NaN	NaN	NaN	NaN	NaN	NaN	NaN	NaN	NaN	NaN	NaN	NaN
9.9700	NaN	-9999990	NaN	-9999990	-9999990	-9999990	-9999990	NaN	NaN	NaN	NaN	NaN	NaN	NaN	NaN	NaN	NaN	NaN	NaN
9.9800	NaN	-9999990	NaN	-9999990	-9999990	-9999990	-9999990	NaN	NaN	NaN	NaN	NaN	NaN	NaN	NaN	NaN	NaN	NaN	NaN
9.9900	NaN	-9999990	NaN	-9999990	-9999990	-9999990	-9999990	NaN	NaN	NaN	NaN	NaN	NaN	NaN	NaN	NaN	NaN	NaN	NaN
10.0000	NaN	-9999990	NaN	-9999990	-9999990	-9999990	-9999990	NaN	NaN	NaN	NaN	NaN	NaN	NaN	NaN	NaN	NaN	NaN	NaN
